月份,城市,城市等级,市场,环比指数,环比变动_pct,同比指数,同比变动_pct,来源,抓取时间
2024-01,三亚,三线,二手,100.2,0.2,99.3,-0.7,https://www.stats.gov.cn/sj/zxfb/202402/t20240223_1947806.html,2026-09-27T23:16:54+08:00
2024-01,上海,一线,二手,99.2,-0.8,95.5,-4.5,https://www.stats.gov.cn/sj/zxfb/202402/t20240223_1947806.html,2026-09-27T23:16:54+08:00
2024-01,丹东,三线,二手,99.4,-0.6,94.2,-5.8,https://www.stats.gov.cn/sj/zxfb/202402/t20240223_1947806.html,2026-09-27T23:16:54+08:00
2024-01,乌鲁木齐,二线,二手,99.7,-0.3,96.5,-3.5,https://www.stats.gov.cn/sj/zxfb/202402/t20240223_1947806.html,2026-09-27T23:16:54+08:00
2024-01,九江,三线,二手,98.9,-1.1,94.7,-5.3,https://www.stats.gov.cn/sj/zxfb/202402/t20240223_1947806.html,2026-09-27T23:16:54+08:00
2024-01,兰州,二线,二手,99.3,-0.7,94.6,-5.4,https://www.stats.gov.cn/sj/zxfb/202402/t20240223_1947806.html,2026-09-27T23:16:54+08:00
2024-01,包头,三线,二手,99.4,-0.6,95.5,-4.5,https://www.stats.gov.cn/sj/zxfb/202402/t20240223_1947806.html,2026-09-27T23:16:54+08:00
2024-01,北京,一线,二手,99.3,-0.7,96.3,-3.7,https://www.stats.gov.cn/sj/zxfb/202402/t20240223_1947806.html,2026-09-27T23:16:54+08:00
2024-01,北海,三线,二手,99.7,-0.3,96.7,-3.3,https://www.stats.gov.cn/sj/zxfb/202402/t20240223_1947806.html,2026-09-27T23:16:54+08:00
2024-01,南京,二线,二手,99.1,-0.9,92.6,-7.4,https://www.stats.gov.cn/sj/zxfb/202402/t20240223_1947806.html,2026-09-27T23:16:54+08:00
2024-01,南充,三线,二手,99.3,-0.7,98.0,-2.0,https://www.stats.gov.cn/sj/zxfb/202402/t20240223_1947806.html,2026-09-27T23:16:54+08:00
2024-01,南宁,二线,二手,99.4,-0.6,94.3,-5.7,https://www.stats.gov.cn/sj/zxfb/202402/t20240223_1947806.html,2026-09-27T23:16:54+08:00
2024-01,南昌,二线,二手,99.5,-0.5,95.1,-4.9,https://www.stats.gov.cn/sj/zxfb/202402/t20240223_1947806.html,2026-09-27T23:16:54+08:00
2024-01,厦门,二线,二手,98.9,-1.1,92.1,-7.9,https://www.stats.gov.cn/sj/zxfb/202402/t20240223_1947806.html,2026-09-27T23:16:54+08:00
2024-01,合肥,二线,二手,98.9,-1.1,95.1,-4.9,https://www.stats.gov.cn/sj/zxfb/202402/t20240223_1947806.html,2026-09-27T23:16:54+08:00
2024-01,吉林,三线,二手,99.3,-0.7,93.4,-6.6,https://www.stats.gov.cn/sj/zxfb/202402/t20240223_1947806.html,2026-09-27T23:16:54+08:00
2024-01,呼和浩特,二线,二手,99.5,-0.5,95.1,-4.9,https://www.stats.gov.cn/sj/zxfb/202402/t20240223_1947806.html,2026-09-27T23:16:54+08:00
2024-01,哈尔滨,二线,二手,99.6,-0.4,95.5,-4.5,https://www.stats.gov.cn/sj/zxfb/202402/t20240223_1947806.html,2026-09-27T23:16:54+08:00
2024-01,唐山,三线,二手,99.5,-0.5,94.2,-5.8,https://www.stats.gov.cn/sj/zxfb/202402/t20240223_1947806.html,2026-09-27T23:16:54+08:00
2024-01,大理,三线,二手,99.5,-0.5,96.9,-3.1,https://www.stats.gov.cn/sj/zxfb/202402/t20240223_1947806.html,2026-09-27T23:16:54+08:00
2024-01,大连,二线,二手,99.3,-0.7,94.8,-5.2,https://www.stats.gov.cn/sj/zxfb/202402/t20240223_1947806.html,2026-09-27T23:16:54+08:00
2024-01,天津,二线,二手,99.5,-0.5,98.0,-2.0,https://www.stats.gov.cn/sj/zxfb/202402/t20240223_1947806.html,2026-09-27T23:16:54+08:00
2024-01,太原,二线,二手,99.7,-0.3,97.1,-2.9,https://www.stats.gov.cn/sj/zxfb/202402/t20240223_1947806.html,2026-09-27T23:16:54+08:00
2024-01,宁波,二线,二手,99.4,-0.6,94.5,-5.5,https://www.stats.gov.cn/sj/zxfb/202402/t20240223_1947806.html,2026-09-27T23:16:54+08:00
2024-01,安庆,三线,二手,99.1,-0.9,95.5,-4.5,https://www.stats.gov.cn/sj/zxfb/202402/t20240223_1947806.html,2026-09-27T23:16:54+08:00
2024-01,宜昌,三线,二手,99.4,-0.6,94.7,-5.3,https://www.stats.gov.cn/sj/zxfb/202402/t20240223_1947806.html,2026-09-27T23:16:54+08:00
2024-01,岳阳,三线,二手,99.5,-0.5,96.8,-3.2,https://www.stats.gov.cn/sj/zxfb/202402/t20240223_1947806.html,2026-09-27T23:16:54+08:00
2024-01,常德,三线,二手,99.6,-0.4,97.1,-2.9,https://www.stats.gov.cn/sj/zxfb/202402/t20240223_1947806.html,2026-09-27T23:16:54+08:00
2024-01,平顶山,三线,二手,99.0,-1.0,96.0,-4.0,https://www.stats.gov.cn/sj/zxfb/202402/t20240223_1947806.html,2026-09-27T23:16:54+08:00
2024-01,广州,一线,二手,98.8,-1.2,93.9,-6.1,https://www.stats.gov.cn/sj/zxfb/202402/t20240223_1947806.html,2026-09-27T23:16:54+08:00
2024-01,徐州,三线,二手,98.5,-1.5,91.0,-9.0,https://www.stats.gov.cn/sj/zxfb/202402/t20240223_1947806.html,2026-09-27T23:16:54+08:00
2024-01,惠州,三线,二手,99.0,-1.0,96.0,-4.0,https://www.stats.gov.cn/sj/zxfb/202402/t20240223_1947806.html,2026-09-27T23:16:54+08:00
2024-01,成都,二线,二手,99.1,-0.9,99.0,-1.0,https://www.stats.gov.cn/sj/zxfb/202402/t20240223_1947806.html,2026-09-27T23:16:54+08:00
2024-01,扬州,三线,二手,99.4,-0.6,93.7,-6.3,https://www.stats.gov.cn/sj/zxfb/202402/t20240223_1947806.html,2026-09-27T23:16:54+08:00
2024-01,无锡,三线,二手,99.2,-0.8,95.6,-4.4,https://www.stats.gov.cn/sj/zxfb/202402/t20240223_1947806.html,2026-09-27T23:16:54+08:00
2024-01,昆明,二线,二手,100.3,0.3,97.0,-3.0,https://www.stats.gov.cn/sj/zxfb/202402/t20240223_1947806.html,2026-09-27T23:16:54+08:00
2024-01,杭州,二线,二手,98.8,-1.2,96.9,-3.1,https://www.stats.gov.cn/sj/zxfb/202402/t20240223_1947806.html,2026-09-27T23:16:54+08:00
2024-01,桂林,三线,二手,99.6,-0.4,96.0,-4.0,https://www.stats.gov.cn/sj/zxfb/202402/t20240223_1947806.html,2026-09-27T23:16:54+08:00
2024-01,武汉,二线,二手,99.0,-1.0,93.9,-6.1,https://www.stats.gov.cn/sj/zxfb/202402/t20240223_1947806.html,2026-09-27T23:16:54+08:00
2024-01,沈阳,二线,二手,99.3,-0.7,94.7,-5.3,https://www.stats.gov.cn/sj/zxfb/202402/t20240223_1947806.html,2026-09-27T23:16:54+08:00
2024-01,泉州,三线,二手,99.3,-0.7,93.8,-6.2,https://www.stats.gov.cn/sj/zxfb/202402/t20240223_1947806.html,2026-09-27T23:16:54+08:00
2024-01,泸州,三线,二手,99.8,-0.2,97.7,-2.3,https://www.stats.gov.cn/sj/zxfb/202402/t20240223_1947806.html,2026-09-27T23:16:54+08:00
2024-01,洛阳,三线,二手,98.9,-1.1,94.9,-5.1,https://www.stats.gov.cn/sj/zxfb/202402/t20240223_1947806.html,2026-09-27T23:16:54+08:00
2024-01,济南,二线,二手,99.8,-0.2,97.2,-2.8,https://www.stats.gov.cn/sj/zxfb/202402/t20240223_1947806.html,2026-09-27T23:16:54+08:00
2024-01,济宁,三线,二手,99.0,-1.0,94.8,-5.2,https://www.stats.gov.cn/sj/zxfb/202402/t20240223_1947806.html,2026-09-27T23:16:54+08:00
2024-01,海口,二线,二手,98.9,-1.1,94.2,-5.8,https://www.stats.gov.cn/sj/zxfb/202402/t20240223_1947806.html,2026-09-27T23:16:54+08:00
2024-01,深圳,一线,二手,98.4,-1.6,94.8,-5.2,https://www.stats.gov.cn/sj/zxfb/202402/t20240223_1947806.html,2026-09-27T23:16:54+08:00
2024-01,温州,三线,二手,99.1,-0.9,93.8,-6.2,https://www.stats.gov.cn/sj/zxfb/202402/t20240223_1947806.html,2026-09-27T23:16:54+08:00
2024-01,湛江,三线,二手,99.0,-1.0,96.4,-3.6,https://www.stats.gov.cn/sj/zxfb/202402/t20240223_1947806.html,2026-09-27T23:16:54+08:00
2024-01,烟台,三线,二手,99.4,-0.6,94.2,-5.8,https://www.stats.gov.cn/sj/zxfb/202402/t20240223_1947806.html,2026-09-27T23:16:54+08:00
2024-01,牡丹江,三线,二手,99.6,-0.4,94.2,-5.8,https://www.stats.gov.cn/sj/zxfb/202402/t20240223_1947806.html,2026-09-27T23:16:54+08:00
2024-01,石家庄,二线,二手,99.5,-0.5,98.2,-1.8,https://www.stats.gov.cn/sj/zxfb/202402/t20240223_1947806.html,2026-09-27T23:16:54+08:00
2024-01,福州,二线,二手,99.6,-0.4,94.4,-5.6,https://www.stats.gov.cn/sj/zxfb/202402/t20240223_1947806.html,2026-09-27T23:16:54+08:00
2024-01,秦皇岛,三线,二手,99.0,-1.0,95.6,-4.4,https://www.stats.gov.cn/sj/zxfb/202402/t20240223_1947806.html,2026-09-27T23:16:54+08:00
2024-01,蚌埠,三线,二手,99.2,-0.8,96.4,-3.6,https://www.stats.gov.cn/sj/zxfb/202402/t20240223_1947806.html,2026-09-27T23:16:54+08:00
2024-01,襄阳,三线,二手,99.3,-0.7,93.9,-6.1,https://www.stats.gov.cn/sj/zxfb/202402/t20240223_1947806.html,2026-09-27T23:16:54+08:00
2024-01,西宁,二线,二手,99.3,-0.7,97.1,-2.9,https://www.stats.gov.cn/sj/zxfb/202402/t20240223_1947806.html,2026-09-27T23:16:54+08:00
2024-01,西安,二线,二手,99.5,-0.5,98.0,-2.0,https://www.stats.gov.cn/sj/zxfb/202402/t20240223_1947806.html,2026-09-27T23:16:54+08:00
2024-01,贵阳,二线,二手,99.5,-0.5,96.1,-3.9,https://www.stats.gov.cn/sj/zxfb/202402/t20240223_1947806.html,2026-09-27T23:16:54+08:00
2024-01,赣州,三线,二手,99.3,-0.7,98.9,-1.1,https://www.stats.gov.cn/sj/zxfb/202402/t20240223_1947806.html,2026-09-27T23:16:54+08:00
2024-01,遵义,三线,二手,99.5,-0.5,97.3,-2.7,https://www.stats.gov.cn/sj/zxfb/202402/t20240223_1947806.html,2026-09-27T23:16:54+08:00
2024-01,郑州,二线,二手,99.3,-0.7,93.7,-6.3,https://www.stats.gov.cn/sj/zxfb/202402/t20240223_1947806.html,2026-09-27T23:16:54+08:00
2024-01,重庆,二线,二手,99.0,-1.0,94.1,-5.9,https://www.stats.gov.cn/sj/zxfb/202402/t20240223_1947806.html,2026-09-27T23:16:54+08:00
2024-01,金华,三线,二手,99.0,-1.0,94.6,-5.4,https://www.stats.gov.cn/sj/zxfb/202402/t20240223_1947806.html,2026-09-27T23:16:54+08:00
2024-01,银川,二线,二手,99.8,-0.2,97.7,-2.3,https://www.stats.gov.cn/sj/zxfb/202402/t20240223_1947806.html,2026-09-27T23:16:54+08:00
2024-01,锦州,三线,二手,99.8,-0.2,95.3,-4.7,https://www.stats.gov.cn/sj/zxfb/202402/t20240223_1947806.html,2026-09-27T23:16:54+08:00
2024-01,长春,二线,二手,99.5,-0.5,94.8,-5.2,https://www.stats.gov.cn/sj/zxfb/202402/t20240223_1947806.html,2026-09-27T23:16:54+08:00
2024-01,长沙,二线,二手,99.3,-0.7,97.8,-2.2,https://www.stats.gov.cn/sj/zxfb/202402/t20240223_1947806.html,2026-09-27T23:16:54+08:00
2024-01,青岛,二线,二手,99.2,-0.8,94.6,-5.4,https://www.stats.gov.cn/sj/zxfb/202402/t20240223_1947806.html,2026-09-27T23:16:54+08:00
2024-01,韶关,三线,二手,99.7,-0.3,96.4,-3.6,https://www.stats.gov.cn/sj/zxfb/202402/t20240223_1947806.html,2026-09-27T23:16:54+08:00
2024-01,三亚,三线,新房,100.0,0.0,102.8,2.8,https://www.stats.gov.cn/sj/zxfb/202402/t20240223_1947806.html,2026-09-27T23:16:54+08:00
2024-01,上海,一线,新房,100.4,0.4,104.2,4.2,https://www.stats.gov.cn/sj/zxfb/202402/t20240223_1947806.html,2026-09-27T23:16:54+08:00
2024-01,丹东,三线,新房,99.5,-0.5,97.3,-2.7,https://www.stats.gov.cn/sj/zxfb/202402/t20240223_1947806.html,2026-09-27T23:16:54+08:00
2024-01,乌鲁木齐,二线,新房,99.6,-0.4,99.5,-0.5,https://www.stats.gov.cn/sj/zxfb/202402/t20240223_1947806.html,2026-09-27T23:16:54+08:00
2024-01,九江,三线,新房,99.2,-0.8,97.3,-2.7,https://www.stats.gov.cn/sj/zxfb/202402/t20240223_1947806.html,2026-09-27T23:16:54+08:00
2024-01,兰州,二线,新房,99.5,-0.5,98.9,-1.1,https://www.stats.gov.cn/sj/zxfb/202402/t20240223_1947806.html,2026-09-27T23:16:54+08:00
2024-01,包头,三线,新房,99.7,-0.3,96.9,-3.1,https://www.stats.gov.cn/sj/zxfb/202402/t20240223_1947806.html,2026-09-27T23:16:54+08:00
2024-01,北京,一线,新房,99.9,-0.1,101.3,1.3,https://www.stats.gov.cn/sj/zxfb/202402/t20240223_1947806.html,2026-09-27T23:16:54+08:00
2024-01,北海,三线,新房,99.6,-0.4,100.6,0.6,https://www.stats.gov.cn/sj/zxfb/202402/t20240223_1947806.html,2026-09-27T23:16:54+08:00
2024-01,南京,二线,新房,99.5,-0.5,96.4,-3.6,https://www.stats.gov.cn/sj/zxfb/202402/t20240223_1947806.html,2026-09-27T23:16:54+08:00
2024-01,南充,三线,新房,99.9,-0.1,98.5,-1.5,https://www.stats.gov.cn/sj/zxfb/202402/t20240223_1947806.html,2026-09-27T23:16:54+08:00
2024-01,南宁,二线,新房,99.4,-0.6,98.3,-1.7,https://www.stats.gov.cn/sj/zxfb/202402/t20240223_1947806.html,2026-09-27T23:16:54+08:00
2024-01,南昌,二线,新房,99.0,-1.0,97.6,-2.4,https://www.stats.gov.cn/sj/zxfb/202402/t20240223_1947806.html,2026-09-27T23:16:54+08:00
2024-01,厦门,二线,新房,99.2,-0.8,96.2,-3.8,https://www.stats.gov.cn/sj/zxfb/202402/t20240223_1947806.html,2026-09-27T23:16:54+08:00
2024-01,合肥,二线,新房,99.4,-0.6,99.4,-0.6,https://www.stats.gov.cn/sj/zxfb/202402/t20240223_1947806.html,2026-09-27T23:16:54+08:00
2024-01,吉林,三线,新房,100.3,0.3,100.4,0.4,https://www.stats.gov.cn/sj/zxfb/202402/t20240223_1947806.html,2026-09-27T23:16:54+08:00
2024-01,呼和浩特,二线,新房,99.3,-0.7,99.6,-0.4,https://www.stats.gov.cn/sj/zxfb/202402/t20240223_1947806.html,2026-09-27T23:16:54+08:00
2024-01,哈尔滨,二线,新房,99.8,-0.2,98.6,-1.4,https://www.stats.gov.cn/sj/zxfb/202402/t20240223_1947806.html,2026-09-27T23:16:54+08:00
2024-01,唐山,三线,新房,99.8,-0.2,98.0,-2.0,https://www.stats.gov.cn/sj/zxfb/202402/t20240223_1947806.html,2026-09-27T23:16:54+08:00
2024-01,大理,三线,新房,99.9,-0.1,98.1,-1.9,https://www.stats.gov.cn/sj/zxfb/202402/t20240223_1947806.html,2026-09-27T23:16:54+08:00
2024-01,大连,二线,新房,100.1,0.1,96.1,-3.9,https://www.stats.gov.cn/sj/zxfb/202402/t20240223_1947806.html,2026-09-27T23:16:54+08:00
2024-01,天津,二线,新房,100.1,0.1,102.1,2.1,https://www.stats.gov.cn/sj/zxfb/202402/t20240223_1947806.html,2026-09-27T23:16:54+08:00
2024-01,太原,二线,新房,99.5,-0.5,100.5,0.5,https://www.stats.gov.cn/sj/zxfb/202402/t20240223_1947806.html,2026-09-27T23:16:54+08:00
2024-01,宁波,二线,新房,99.6,-0.4,100.2,0.2,https://www.stats.gov.cn/sj/zxfb/202402/t20240223_1947806.html,2026-09-27T23:16:54+08:00
2024-01,安庆,三线,新房,99.6,-0.4,97.8,-2.2,https://www.stats.gov.cn/sj/zxfb/202402/t20240223_1947806.html,2026-09-27T23:16:54+08:00
2024-01,宜昌,三线,新房,99.8,-0.2,97.7,-2.3,https://www.stats.gov.cn/sj/zxfb/202402/t20240223_1947806.html,2026-09-27T23:16:54+08:00
2024-01,岳阳,三线,新房,99.4,-0.6,97.1,-2.9,https://www.stats.gov.cn/sj/zxfb/202402/t20240223_1947806.html,2026-09-27T23:16:54+08:00
2024-01,常德,三线,新房,99.1,-0.9,97.3,-2.7,https://www.stats.gov.cn/sj/zxfb/202402/t20240223_1947806.html,2026-09-27T23:16:54+08:00
2024-01,平顶山,三线,新房,99.7,-0.3,97.9,-2.1,https://www.stats.gov.cn/sj/zxfb/202402/t20240223_1947806.html,2026-09-27T23:16:54+08:00
2024-01,广州,一线,新房,99.2,-0.8,96.4,-3.6,https://www.stats.gov.cn/sj/zxfb/202402/t20240223_1947806.html,2026-09-27T23:16:54+08:00
2024-01,徐州,三线,新房,98.8,-1.2,96.5,-3.5,https://www.stats.gov.cn/sj/zxfb/202402/t20240223_1947806.html,2026-09-27T23:16:54+08:00
2024-01,惠州,三线,新房,99.6,-0.4,95.3,-4.7,https://www.stats.gov.cn/sj/zxfb/202402/t20240223_1947806.html,2026-09-27T23:16:54+08:00
2024-01,成都,二线,新房,100.0,0.0,104.4,4.4,https://www.stats.gov.cn/sj/zxfb/202402/t20240223_1947806.html,2026-09-27T23:16:54+08:00
2024-01,扬州,三线,新房,100.2,0.2,97.1,-2.9,https://www.stats.gov.cn/sj/zxfb/202402/t20240223_1947806.html,2026-09-27T23:16:54+08:00
2024-01,无锡,三线,新房,100.3,0.3,98.1,-1.9,https://www.stats.gov.cn/sj/zxfb/202402/t20240223_1947806.html,2026-09-27T23:16:54+08:00
2024-01,昆明,二线,新房,100.0,0.0,99.1,-0.9,https://www.stats.gov.cn/sj/zxfb/202402/t20240223_1947806.html,2026-09-27T23:16:54+08:00
2024-01,杭州,二线,新房,99.7,-0.3,101.6,1.6,https://www.stats.gov.cn/sj/zxfb/202402/t20240223_1947806.html,2026-09-27T23:16:54+08:00
2024-01,桂林,三线,新房,99.8,-0.2,97.7,-2.3,https://www.stats.gov.cn/sj/zxfb/202402/t20240223_1947806.html,2026-09-27T23:16:54+08:00
2024-01,武汉,二线,新房,99.4,-0.6,99.5,-0.5,https://www.stats.gov.cn/sj/zxfb/202402/t20240223_1947806.html,2026-09-27T23:16:54+08:00
2024-01,沈阳,二线,新房,99.4,-0.6,98.6,-1.4,https://www.stats.gov.cn/sj/zxfb/202402/t20240223_1947806.html,2026-09-27T23:16:54+08:00
2024-01,泉州,三线,新房,100.3,0.3,99.0,-1.0,https://www.stats.gov.cn/sj/zxfb/202402/t20240223_1947806.html,2026-09-27T23:16:54+08:00
2024-01,泸州,三线,新房,99.2,-0.8,97.6,-2.4,https://www.stats.gov.cn/sj/zxfb/202402/t20240223_1947806.html,2026-09-27T23:16:54+08:00
2024-01,洛阳,三线,新房,99.6,-0.4,98.3,-1.7,https://www.stats.gov.cn/sj/zxfb/202402/t20240223_1947806.html,2026-09-27T23:16:54+08:00
2024-01,济南,二线,新房,99.8,-0.2,101.8,1.8,https://www.stats.gov.cn/sj/zxfb/202402/t20240223_1947806.html,2026-09-27T23:16:54+08:00
2024-01,济宁,三线,新房,99.4,-0.6,97.3,-2.7,https://www.stats.gov.cn/sj/zxfb/202402/t20240223_1947806.html,2026-09-27T23:16:54+08:00
2024-01,海口,二线,新房,99.3,-0.7,101.5,1.5,https://www.stats.gov.cn/sj/zxfb/202402/t20240223_1947806.html,2026-09-27T23:16:54+08:00
2024-01,深圳,一线,新房,99.3,-0.7,95.9,-4.1,https://www.stats.gov.cn/sj/zxfb/202402/t20240223_1947806.html,2026-09-27T23:16:54+08:00
2024-01,温州,三线,新房,99.5,-0.5,97.5,-2.5,https://www.stats.gov.cn/sj/zxfb/202402/t20240223_1947806.html,2026-09-27T23:16:54+08:00
2024-01,湛江,三线,新房,98.7,-1.3,98.3,-1.7,https://www.stats.gov.cn/sj/zxfb/202402/t20240223_1947806.html,2026-09-27T23:16:54+08:00
2024-01,烟台,三线,新房,99.7,-0.3,98.8,-1.2,https://www.stats.gov.cn/sj/zxfb/202402/t20240223_1947806.html,2026-09-27T23:16:54+08:00
2024-01,牡丹江,三线,新房,99.7,-0.3,96.4,-3.6,https://www.stats.gov.cn/sj/zxfb/202402/t20240223_1947806.html,2026-09-27T23:16:54+08:00
2024-01,石家庄,二线,新房,100.1,0.1,100.9,0.9,https://www.stats.gov.cn/sj/zxfb/202402/t20240223_1947806.html,2026-09-27T23:16:54+08:00
2024-01,福州,二线,新房,99.6,-0.4,97.6,-2.4,https://www.stats.gov.cn/sj/zxfb/202402/t20240223_1947806.html,2026-09-27T23:16:54+08:00
2024-01,秦皇岛,三线,新房,99.7,-0.3,97.0,-3.0,https://www.stats.gov.cn/sj/zxfb/202402/t20240223_1947806.html,2026-09-27T23:16:54+08:00
2024-01,蚌埠,三线,新房,99.4,-0.6,98.6,-1.4,https://www.stats.gov.cn/sj/zxfb/202402/t20240223_1947806.html,2026-09-27T23:16:54+08:00
2024-01,襄阳,三线,新房,99.4,-0.6,98.3,-1.7,https://www.stats.gov.cn/sj/zxfb/202402/t20240223_1947806.html,2026-09-27T23:16:54+08:00
2024-01,西宁,二线,新房,98.9,-1.1,96.2,-3.8,https://www.stats.gov.cn/sj/zxfb/202402/t20240223_1947806.html,2026-09-27T23:16:54+08:00
2024-01,西安,二线,新房,100.2,0.2,104.5,4.5,https://www.stats.gov.cn/sj/zxfb/202402/t20240223_1947806.html,2026-09-27T23:16:54+08:00
2024-01,贵阳,二线,新房,99.6,-0.4,99.3,-0.7,https://www.stats.gov.cn/sj/zxfb/202402/t20240223_1947806.html,2026-09-27T23:16:54+08:00
2024-01,赣州,三线,新房,99.6,-0.4,96.5,-3.5,https://www.stats.gov.cn/sj/zxfb/202402/t20240223_1947806.html,2026-09-27T23:16:54+08:00
2024-01,遵义,三线,新房,99.8,-0.2,99.5,-0.5,https://www.stats.gov.cn/sj/zxfb/202402/t20240223_1947806.html,2026-09-27T23:16:54+08:00
2024-01,郑州,二线,新房,99.6,-0.4,97.8,-2.2,https://www.stats.gov.cn/sj/zxfb/202402/t20240223_1947806.html,2026-09-27T23:16:54+08:00
2024-01,重庆,二线,新房,100.1,0.1,102.0,2.0,https://www.stats.gov.cn/sj/zxfb/202402/t20240223_1947806.html,2026-09-27T23:16:54+08:00
2024-01,金华,三线,新房,99.1,-0.9,95.4,-4.6,https://www.stats.gov.cn/sj/zxfb/202402/t20240223_1947806.html,2026-09-27T23:16:54+08:00
2024-01,银川,二线,新房,99.8,-0.2,100.2,0.2,https://www.stats.gov.cn/sj/zxfb/202402/t20240223_1947806.html,2026-09-27T23:16:54+08:00
2024-01,锦州,三线,新房,99.6,-0.4,99.2,-0.8,https://www.stats.gov.cn/sj/zxfb/202402/t20240223_1947806.html,2026-09-27T23:16:54+08:00
2024-01,长春,二线,新房,100.2,0.2,98.6,-1.4,https://www.stats.gov.cn/sj/zxfb/202402/t20240223_1947806.html,2026-09-27T23:16:54+08:00
2024-01,长沙,二线,新房,99.9,-0.1,102.0,2.0,https://www.stats.gov.cn/sj/zxfb/202402/t20240223_1947806.html,2026-09-27T23:16:54+08:00
2024-01,青岛,二线,新房,99.3,-0.7,98.7,-1.3,https://www.stats.gov.cn/sj/zxfb/202402/t20240223_1947806.html,2026-09-27T23:16:54+08:00
2024-01,韶关,三线,新房,99.6,-0.4,97.3,-2.7,https://www.stats.gov.cn/sj/zxfb/202402/t20240223_1947806.html,2026-09-27T23:16:54+08:00
2024-05,三亚,三线,二手,99.3,-0.7,96.4,-3.6,https://www.stats.gov.cn/sj/zxfb/202406/t20240617_1954705.html,2026-09-27T23:16:54+08:00
2024-05,上海,一线,二手,98.7,-1.3,92.1,-7.9,https://www.stats.gov.cn/sj/zxfb/202406/t20240617_1954705.html,2026-09-27T23:16:54+08:00
2024-05,丹东,三线,二手,98.7,-1.3,91.6,-8.4,https://www.stats.gov.cn/sj/zxfb/202406/t20240617_1954705.html,2026-09-27T23:16:54+08:00
2024-05,乌鲁木齐,二线,二手,99.4,-0.6,95.0,-5.0,https://www.stats.gov.cn/sj/zxfb/202406/t20240617_1954705.html,2026-09-27T23:16:54+08:00
2024-05,九江,三线,二手,98.8,-1.2,91.3,-8.7,https://www.stats.gov.cn/sj/zxfb/202406/t20240617_1954705.html,2026-09-27T23:16:54+08:00
2024-05,兰州,二线,二手,99.3,-0.7,92.5,-7.5,https://www.stats.gov.cn/sj/zxfb/202406/t20240617_1954705.html,2026-09-27T23:16:54+08:00
2024-05,包头,三线,二手,99.0,-1.0,92.5,-7.5,https://www.stats.gov.cn/sj/zxfb/202406/t20240617_1954705.html,2026-09-27T23:16:54+08:00
2024-05,北京,一线,二手,98.8,-1.2,91.4,-8.6,https://www.stats.gov.cn/sj/zxfb/202406/t20240617_1954705.html,2026-09-27T23:16:54+08:00
2024-05,北海,三线,二手,99.4,-0.6,94.4,-5.6,https://www.stats.gov.cn/sj/zxfb/202406/t20240617_1954705.html,2026-09-27T23:16:54+08:00
2024-05,南京,二线,二手,99.4,-0.6,89.3,-10.7,https://www.stats.gov.cn/sj/zxfb/202406/t20240617_1954705.html,2026-09-27T23:16:54+08:00
2024-05,南充,三线,二手,98.9,-1.1,94.7,-5.3,https://www.stats.gov.cn/sj/zxfb/202406/t20240617_1954705.html,2026-09-27T23:16:54+08:00
2024-05,南宁,二线,二手,99.2,-0.8,91.1,-8.9,https://www.stats.gov.cn/sj/zxfb/202406/t20240617_1954705.html,2026-09-27T23:16:54+08:00
2024-05,南昌,二线,二手,98.1,-1.9,92.1,-7.9,https://www.stats.gov.cn/sj/zxfb/202406/t20240617_1954705.html,2026-09-27T23:16:54+08:00
2024-05,厦门,二线,二手,98.0,-2.0,88.1,-11.9,https://www.stats.gov.cn/sj/zxfb/202406/t20240617_1954705.html,2026-09-27T23:16:54+08:00
2024-05,合肥,二线,二手,99.1,-0.9,92.1,-7.9,https://www.stats.gov.cn/sj/zxfb/202406/t20240617_1954705.html,2026-09-27T23:16:54+08:00
2024-05,吉林,三线,二手,99.0,-1.0,92.1,-7.9,https://www.stats.gov.cn/sj/zxfb/202406/t20240617_1954705.html,2026-09-27T23:16:54+08:00
2024-05,呼和浩特,二线,二手,98.8,-1.2,92.7,-7.3,https://www.stats.gov.cn/sj/zxfb/202406/t20240617_1954705.html,2026-09-27T23:16:54+08:00
2024-05,哈尔滨,二线,二手,99.3,-0.7,92.8,-7.2,https://www.stats.gov.cn/sj/zxfb/202406/t20240617_1954705.html,2026-09-27T23:16:54+08:00
2024-05,唐山,三线,二手,98.4,-1.6,91.2,-8.8,https://www.stats.gov.cn/sj/zxfb/202406/t20240617_1954705.html,2026-09-27T23:16:54+08:00
2024-05,大理,三线,二手,98.5,-1.5,93.9,-6.1,https://www.stats.gov.cn/sj/zxfb/202406/t20240617_1954705.html,2026-09-27T23:16:54+08:00
2024-05,大连,二线,二手,99.1,-0.9,91.7,-8.3,https://www.stats.gov.cn/sj/zxfb/202406/t20240617_1954705.html,2026-09-27T23:16:54+08:00
2024-05,天津,二线,二手,98.9,-1.1,93.8,-6.2,https://www.stats.gov.cn/sj/zxfb/202406/t20240617_1954705.html,2026-09-27T23:16:54+08:00
2024-05,太原,二线,二手,99.4,-0.6,95.5,-4.5,https://www.stats.gov.cn/sj/zxfb/202406/t20240617_1954705.html,2026-09-27T23:16:54+08:00
2024-05,宁波,二线,二手,98.4,-1.6,90.5,-9.5,https://www.stats.gov.cn/sj/zxfb/202406/t20240617_1954705.html,2026-09-27T23:16:54+08:00
2024-05,安庆,三线,二手,98.7,-1.3,92.5,-7.5,https://www.stats.gov.cn/sj/zxfb/202406/t20240617_1954705.html,2026-09-27T23:16:54+08:00
2024-05,宜昌,三线,二手,98.7,-1.3,93.2,-6.8,https://www.stats.gov.cn/sj/zxfb/202406/t20240617_1954705.html,2026-09-27T23:16:54+08:00
2024-05,岳阳,三线,二手,99.4,-0.6,95.0,-5.0,https://www.stats.gov.cn/sj/zxfb/202406/t20240617_1954705.html,2026-09-27T23:16:54+08:00
2024-05,常德,三线,二手,98.8,-1.2,92.3,-7.7,https://www.stats.gov.cn/sj/zxfb/202406/t20240617_1954705.html,2026-09-27T23:16:54+08:00
2024-05,平顶山,三线,二手,99.4,-0.6,93.5,-6.5,https://www.stats.gov.cn/sj/zxfb/202406/t20240617_1954705.html,2026-09-27T23:16:54+08:00
2024-05,广州,一线,二手,98.4,-1.6,88.6,-11.4,https://www.stats.gov.cn/sj/zxfb/202406/t20240617_1954705.html,2026-09-27T23:16:54+08:00
2024-05,徐州,三线,二手,98.8,-1.2,87.6,-12.4,https://www.stats.gov.cn/sj/zxfb/202406/t20240617_1954705.html,2026-09-27T23:16:54+08:00
2024-05,惠州,三线,二手,98.9,-1.1,92.9,-7.1,https://www.stats.gov.cn/sj/zxfb/202406/t20240617_1954705.html,2026-09-27T23:16:54+08:00
2024-05,成都,二线,二手,98.9,-1.1,93.0,-7.0,https://www.stats.gov.cn/sj/zxfb/202406/t20240617_1954705.html,2026-09-27T23:16:54+08:00
2024-05,扬州,三线,二手,99.7,-0.3,91.9,-8.1,https://www.stats.gov.cn/sj/zxfb/202406/t20240617_1954705.html,2026-09-27T23:16:54+08:00
2024-05,无锡,三线,二手,99.3,-0.7,92.0,-8.0,https://www.stats.gov.cn/sj/zxfb/202406/t20240617_1954705.html,2026-09-27T23:16:54+08:00
2024-05,昆明,二线,二手,98.8,-1.2,94.9,-5.1,https://www.stats.gov.cn/sj/zxfb/202406/t20240617_1954705.html,2026-09-27T23:16:54+08:00
2024-05,杭州,二线,二手,99.0,-1.0,93.1,-6.9,https://www.stats.gov.cn/sj/zxfb/202406/t20240617_1954705.html,2026-09-27T23:16:54+08:00
2024-05,桂林,三线,二手,99.6,-0.4,92.5,-7.5,https://www.stats.gov.cn/sj/zxfb/202406/t20240617_1954705.html,2026-09-27T23:16:54+08:00
2024-05,武汉,二线,二手,98.7,-1.3,88.7,-11.3,https://www.stats.gov.cn/sj/zxfb/202406/t20240617_1954705.html,2026-09-27T23:16:54+08:00
2024-05,沈阳,二线,二手,99.4,-0.6,92.6,-7.4,https://www.stats.gov.cn/sj/zxfb/202406/t20240617_1954705.html,2026-09-27T23:16:54+08:00
2024-05,泉州,三线,二手,99.1,-0.9,92.7,-7.3,https://www.stats.gov.cn/sj/zxfb/202406/t20240617_1954705.html,2026-09-27T23:16:54+08:00
2024-05,泸州,三线,二手,98.9,-1.1,94.5,-5.5,https://www.stats.gov.cn/sj/zxfb/202406/t20240617_1954705.html,2026-09-27T23:16:54+08:00
2024-05,洛阳,三线,二手,99.0,-1.0,92.7,-7.3,https://www.stats.gov.cn/sj/zxfb/202406/t20240617_1954705.html,2026-09-27T23:16:54+08:00
2024-05,济南,二线,二手,98.4,-1.6,93.0,-7.0,https://www.stats.gov.cn/sj/zxfb/202406/t20240617_1954705.html,2026-09-27T23:16:54+08:00
2024-05,济宁,三线,二手,98.8,-1.2,92.1,-7.9,https://www.stats.gov.cn/sj/zxfb/202406/t20240617_1954705.html,2026-09-27T23:16:54+08:00
2024-05,海口,二线,二手,99.2,-0.8,91.8,-8.2,https://www.stats.gov.cn/sj/zxfb/202406/t20240617_1954705.html,2026-09-27T23:16:54+08:00
2024-05,深圳,一线,二手,99.0,-1.0,90.8,-9.2,https://www.stats.gov.cn/sj/zxfb/202406/t20240617_1954705.html,2026-09-27T23:16:54+08:00
2024-05,温州,三线,二手,99.1,-0.9,90.0,-10.0,https://www.stats.gov.cn/sj/zxfb/202406/t20240617_1954705.html,2026-09-27T23:16:54+08:00
2024-05,湛江,三线,二手,99.2,-0.8,92.4,-7.6,https://www.stats.gov.cn/sj/zxfb/202406/t20240617_1954705.html,2026-09-27T23:16:54+08:00
2024-05,烟台,三线,二手,99.1,-0.9,91.3,-8.7,https://www.stats.gov.cn/sj/zxfb/202406/t20240617_1954705.html,2026-09-27T23:16:54+08:00
2024-05,牡丹江,三线,二手,99.1,-0.9,92.6,-7.4,https://www.stats.gov.cn/sj/zxfb/202406/t20240617_1954705.html,2026-09-27T23:16:54+08:00
2024-05,石家庄,二线,二手,98.9,-1.1,95.8,-4.2,https://www.stats.gov.cn/sj/zxfb/202406/t20240617_1954705.html,2026-09-27T23:16:54+08:00
2024-05,福州,二线,二手,98.6,-1.4,91.3,-8.7,https://www.stats.gov.cn/sj/zxfb/202406/t20240617_1954705.html,2026-09-27T23:16:54+08:00
2024-05,秦皇岛,三线,二手,99.1,-0.9,92.3,-7.7,https://www.stats.gov.cn/sj/zxfb/202406/t20240617_1954705.html,2026-09-27T23:16:54+08:00
2024-05,蚌埠,三线,二手,99.2,-0.8,93.1,-6.9,https://www.stats.gov.cn/sj/zxfb/202406/t20240617_1954705.html,2026-09-27T23:16:54+08:00
2024-05,襄阳,三线,二手,98.8,-1.2,90.4,-9.6,https://www.stats.gov.cn/sj/zxfb/202406/t20240617_1954705.html,2026-09-27T23:16:54+08:00
2024-05,西宁,二线,二手,99.3,-0.7,94.5,-5.5,https://www.stats.gov.cn/sj/zxfb/202406/t20240617_1954705.html,2026-09-27T23:16:54+08:00
2024-05,西安,二线,二手,99.0,-1.0,94.4,-5.6,https://www.stats.gov.cn/sj/zxfb/202406/t20240617_1954705.html,2026-09-27T23:16:54+08:00
2024-05,贵阳,二线,二手,99.4,-0.6,93.3,-6.7,https://www.stats.gov.cn/sj/zxfb/202406/t20240617_1954705.html,2026-09-27T23:16:54+08:00
2024-05,赣州,三线,二手,98.9,-1.1,95.2,-4.8,https://www.stats.gov.cn/sj/zxfb/202406/t20240617_1954705.html,2026-09-27T23:16:54+08:00
2024-05,遵义,三线,二手,99.8,-0.2,95.5,-4.5,https://www.stats.gov.cn/sj/zxfb/202406/t20240617_1954705.html,2026-09-27T23:16:54+08:00
2024-05,郑州,二线,二手,99.1,-0.9,91.1,-8.9,https://www.stats.gov.cn/sj/zxfb/202406/t20240617_1954705.html,2026-09-27T23:16:54+08:00
2024-05,重庆,二线,二手,99.3,-0.7,91.5,-8.5,https://www.stats.gov.cn/sj/zxfb/202406/t20240617_1954705.html,2026-09-27T23:16:54+08:00
2024-05,金华,三线,二手,98.5,-1.5,90.8,-9.2,https://www.stats.gov.cn/sj/zxfb/202406/t20240617_1954705.html,2026-09-27T23:16:54+08:00
2024-05,银川,二线,二手,99.1,-0.9,94.0,-6.0,https://www.stats.gov.cn/sj/zxfb/202406/t20240617_1954705.html,2026-09-27T23:16:54+08:00
2024-05,锦州,三线,二手,99.5,-0.5,93.4,-6.6,https://www.stats.gov.cn/sj/zxfb/202406/t20240617_1954705.html,2026-09-27T23:16:54+08:00
2024-05,长春,二线,二手,99.5,-0.5,93.6,-6.4,https://www.stats.gov.cn/sj/zxfb/202406/t20240617_1954705.html,2026-09-27T23:16:54+08:00
2024-05,长沙,二线,二手,98.8,-1.2,93.3,-6.7,https://www.stats.gov.cn/sj/zxfb/202406/t20240617_1954705.html,2026-09-27T23:16:54+08:00
2024-05,青岛,二线,二手,98.8,-1.2,91.4,-8.6,https://www.stats.gov.cn/sj/zxfb/202406/t20240617_1954705.html,2026-09-27T23:16:54+08:00
2024-05,韶关,三线,二手,99.2,-0.8,93.5,-6.5,https://www.stats.gov.cn/sj/zxfb/202406/t20240617_1954705.html,2026-09-27T23:16:54+08:00
2024-05,三亚,三线,新房,99.3,-0.7,99.2,-0.8,https://www.stats.gov.cn/sj/zxfb/202406/t20240617_1954705.html,2026-09-27T23:16:54+08:00
2024-05,上海,一线,新房,100.6,0.6,104.5,4.5,https://www.stats.gov.cn/sj/zxfb/202406/t20240617_1954705.html,2026-09-27T23:16:54+08:00
2024-05,丹东,三线,新房,99.2,-0.8,95.8,-4.2,https://www.stats.gov.cn/sj/zxfb/202406/t20240617_1954705.html,2026-09-27T23:16:54+08:00
2024-05,乌鲁木齐,二线,新房,99.8,-0.2,96.9,-3.1,https://www.stats.gov.cn/sj/zxfb/202406/t20240617_1954705.html,2026-09-27T23:16:54+08:00
2024-05,九江,三线,新房,98.3,-1.7,92.6,-7.4,https://www.stats.gov.cn/sj/zxfb/202406/t20240617_1954705.html,2026-09-27T23:16:54+08:00
2024-05,兰州,二线,新房,99.5,-0.5,95.2,-4.8,https://www.stats.gov.cn/sj/zxfb/202406/t20240617_1954705.html,2026-09-27T23:16:54+08:00
2024-05,包头,三线,新房,99.5,-0.5,94.5,-5.5,https://www.stats.gov.cn/sj/zxfb/202406/t20240617_1954705.html,2026-09-27T23:16:54+08:00
2024-05,北京,一线,新房,98.9,-1.1,98.2,-1.8,https://www.stats.gov.cn/sj/zxfb/202406/t20240617_1954705.html,2026-09-27T23:16:54+08:00
2024-05,北海,三线,新房,99.5,-0.5,97.8,-2.2,https://www.stats.gov.cn/sj/zxfb/202406/t20240617_1954705.html,2026-09-27T23:16:54+08:00
2024-05,南京,二线,新房,98.9,-1.1,91.5,-8.5,https://www.stats.gov.cn/sj/zxfb/202406/t20240617_1954705.html,2026-09-27T23:16:54+08:00
2024-05,南充,三线,新房,99.6,-0.4,97.7,-2.3,https://www.stats.gov.cn/sj/zxfb/202406/t20240617_1954705.html,2026-09-27T23:16:54+08:00
2024-05,南宁,二线,新房,98.5,-1.5,92.7,-7.3,https://www.stats.gov.cn/sj/zxfb/202406/t20240617_1954705.html,2026-09-27T23:16:54+08:00
2024-05,南昌,二线,新房,99.5,-0.5,94.2,-5.8,https://www.stats.gov.cn/sj/zxfb/202406/t20240617_1954705.html,2026-09-27T23:16:54+08:00
2024-05,厦门,二线,新房,98.9,-1.1,92.1,-7.9,https://www.stats.gov.cn/sj/zxfb/202406/t20240617_1954705.html,2026-09-27T23:16:54+08:00
2024-05,合肥,二线,新房,99.7,-0.3,97.0,-3.0,https://www.stats.gov.cn/sj/zxfb/202406/t20240617_1954705.html,2026-09-27T23:16:54+08:00
2024-05,吉林,三线,新房,98.7,-1.3,96.0,-4.0,https://www.stats.gov.cn/sj/zxfb/202406/t20240617_1954705.html,2026-09-27T23:16:54+08:00
2024-05,呼和浩特,二线,新房,99.5,-0.5,96.7,-3.3,https://www.stats.gov.cn/sj/zxfb/202406/t20240617_1954705.html,2026-09-27T23:16:54+08:00
2024-05,哈尔滨,二线,新房,99.4,-0.6,95.2,-4.8,https://www.stats.gov.cn/sj/zxfb/202406/t20240617_1954705.html,2026-09-27T23:16:54+08:00
2024-05,唐山,三线,新房,99.2,-0.8,94.5,-5.5,https://www.stats.gov.cn/sj/zxfb/202406/t20240617_1954705.html,2026-09-27T23:16:54+08:00
2024-05,大理,三线,新房,99.2,-0.8,97.1,-2.9,https://www.stats.gov.cn/sj/zxfb/202406/t20240617_1954705.html,2026-09-27T23:16:54+08:00
2024-05,大连,二线,新房,99.5,-0.5,95.5,-4.5,https://www.stats.gov.cn/sj/zxfb/202406/t20240617_1954705.html,2026-09-27T23:16:54+08:00
2024-05,天津,二线,新房,99.6,-0.4,99.3,-0.7,https://www.stats.gov.cn/sj/zxfb/202406/t20240617_1954705.html,2026-09-27T23:16:54+08:00
2024-05,太原,二线,新房,100.1,0.1,99.5,-0.5,https://www.stats.gov.cn/sj/zxfb/202406/t20240617_1954705.html,2026-09-27T23:16:54+08:00
2024-05,宁波,二线,新房,98.7,-1.3,94.1,-5.9,https://www.stats.gov.cn/sj/zxfb/202406/t20240617_1954705.html,2026-09-27T23:16:54+08:00
2024-05,安庆,三线,新房,99.4,-0.6,93.8,-6.2,https://www.stats.gov.cn/sj/zxfb/202406/t20240617_1954705.html,2026-09-27T23:16:54+08:00
2024-05,宜昌,三线,新房,99.3,-0.7,95.3,-4.7,https://www.stats.gov.cn/sj/zxfb/202406/t20240617_1954705.html,2026-09-27T23:16:54+08:00
2024-05,岳阳,三线,新房,99.5,-0.5,95.0,-5.0,https://www.stats.gov.cn/sj/zxfb/202406/t20240617_1954705.html,2026-09-27T23:16:54+08:00
2024-05,常德,三线,新房,98.4,-1.6,93.4,-6.6,https://www.stats.gov.cn/sj/zxfb/202406/t20240617_1954705.html,2026-09-27T23:16:54+08:00
2024-05,平顶山,三线,新房,99.6,-0.4,96.9,-3.1,https://www.stats.gov.cn/sj/zxfb/202406/t20240617_1954705.html,2026-09-27T23:16:54+08:00
2024-05,广州,一线,新房,98.6,-1.4,91.7,-8.3,https://www.stats.gov.cn/sj/zxfb/202406/t20240617_1954705.html,2026-09-27T23:16:54+08:00
2024-05,徐州,三线,新房,99.3,-0.7,92.2,-7.8,https://www.stats.gov.cn/sj/zxfb/202406/t20240617_1954705.html,2026-09-27T23:16:54+08:00
2024-05,惠州,三线,新房,99.4,-0.6,92.6,-7.4,https://www.stats.gov.cn/sj/zxfb/202406/t20240617_1954705.html,2026-09-27T23:16:54+08:00
2024-05,成都,二线,新房,99.3,-0.7,100.2,0.2,https://www.stats.gov.cn/sj/zxfb/202406/t20240617_1954705.html,2026-09-27T23:16:54+08:00
2024-05,扬州,三线,新房,98.8,-1.2,93.6,-6.4,https://www.stats.gov.cn/sj/zxfb/202406/t20240617_1954705.html,2026-09-27T23:16:54+08:00
2024-05,无锡,三线,新房,99.4,-0.6,96.1,-3.9,https://www.stats.gov.cn/sj/zxfb/202406/t20240617_1954705.html,2026-09-27T23:16:54+08:00
2024-05,昆明,二线,新房,98.5,-1.5,94.6,-5.4,https://www.stats.gov.cn/sj/zxfb/202406/t20240617_1954705.html,2026-09-27T23:16:54+08:00
2024-05,杭州,二线,新房,99.4,-0.6,99.6,-0.4,https://www.stats.gov.cn/sj/zxfb/202406/t20240617_1954705.html,2026-09-27T23:16:54+08:00
2024-05,桂林,三线,新房,99.5,-0.5,95.4,-4.6,https://www.stats.gov.cn/sj/zxfb/202406/t20240617_1954705.html,2026-09-27T23:16:54+08:00
2024-05,武汉,二线,新房,98.5,-1.5,93.2,-6.8,https://www.stats.gov.cn/sj/zxfb/202406/t20240617_1954705.html,2026-09-27T23:16:54+08:00
2024-05,沈阳,二线,新房,99.6,-0.4,96.2,-3.8,https://www.stats.gov.cn/sj/zxfb/202406/t20240617_1954705.html,2026-09-27T23:16:54+08:00
2024-05,泉州,三线,新房,99.2,-0.8,98.4,-1.6,https://www.stats.gov.cn/sj/zxfb/202406/t20240617_1954705.html,2026-09-27T23:16:54+08:00
2024-05,泸州,三线,新房,99.3,-0.7,93.4,-6.6,https://www.stats.gov.cn/sj/zxfb/202406/t20240617_1954705.html,2026-09-27T23:16:54+08:00
2024-05,洛阳,三线,新房,99.7,-0.3,95.6,-4.4,https://www.stats.gov.cn/sj/zxfb/202406/t20240617_1954705.html,2026-09-27T23:16:54+08:00
2024-05,济南,二线,新房,99.4,-0.6,97.5,-2.5,https://www.stats.gov.cn/sj/zxfb/202406/t20240617_1954705.html,2026-09-27T23:16:54+08:00
2024-05,济宁,三线,新房,99.0,-1.0,95.1,-4.9,https://www.stats.gov.cn/sj/zxfb/202406/t20240617_1954705.html,2026-09-27T23:16:54+08:00
2024-05,海口,二线,新房,99.9,-0.1,98.7,-1.3,https://www.stats.gov.cn/sj/zxfb/202406/t20240617_1954705.html,2026-09-27T23:16:54+08:00
2024-05,深圳,一线,新房,99.2,-0.8,92.6,-7.4,https://www.stats.gov.cn/sj/zxfb/202406/t20240617_1954705.html,2026-09-27T23:16:54+08:00
2024-05,温州,三线,新房,99.4,-0.6,94.5,-5.5,https://www.stats.gov.cn/sj/zxfb/202406/t20240617_1954705.html,2026-09-27T23:16:54+08:00
2024-05,湛江,三线,新房,99.5,-0.5,91.7,-8.3,https://www.stats.gov.cn/sj/zxfb/202406/t20240617_1954705.html,2026-09-27T23:16:54+08:00
2024-05,烟台,三线,新房,99.3,-0.7,95.2,-4.8,https://www.stats.gov.cn/sj/zxfb/202406/t20240617_1954705.html,2026-09-27T23:16:54+08:00
2024-05,牡丹江,三线,新房,98.9,-1.1,94.8,-5.2,https://www.stats.gov.cn/sj/zxfb/202406/t20240617_1954705.html,2026-09-27T23:16:54+08:00
2024-05,石家庄,二线,新房,99.3,-0.7,97.7,-2.3,https://www.stats.gov.cn/sj/zxfb/202406/t20240617_1954705.html,2026-09-27T23:16:54+08:00
2024-05,福州,二线,新房,99.2,-0.8,94.4,-5.6,https://www.stats.gov.cn/sj/zxfb/202406/t20240617_1954705.html,2026-09-27T23:16:54+08:00
2024-05,秦皇岛,三线,新房,99.0,-1.0,94.8,-5.2,https://www.stats.gov.cn/sj/zxfb/202406/t20240617_1954705.html,2026-09-27T23:16:54+08:00
2024-05,蚌埠,三线,新房,99.5,-0.5,95.2,-4.8,https://www.stats.gov.cn/sj/zxfb/202406/t20240617_1954705.html,2026-09-27T23:16:54+08:00
2024-05,襄阳,三线,新房,99.2,-0.8,94.7,-5.3,https://www.stats.gov.cn/sj/zxfb/202406/t20240617_1954705.html,2026-09-27T23:16:54+08:00
2024-05,西宁,二线,新房,99.6,-0.4,93.9,-6.1,https://www.stats.gov.cn/sj/zxfb/202406/t20240617_1954705.html,2026-09-27T23:16:54+08:00
2024-05,西安,二线,新房,99.9,-0.1,103.8,3.8,https://www.stats.gov.cn/sj/zxfb/202406/t20240617_1954705.html,2026-09-27T23:16:54+08:00
2024-05,贵阳,二线,新房,99.4,-0.6,97.1,-2.9,https://www.stats.gov.cn/sj/zxfb/202406/t20240617_1954705.html,2026-09-27T23:16:54+08:00
2024-05,赣州,三线,新房,99.2,-0.8,95.0,-5.0,https://www.stats.gov.cn/sj/zxfb/202406/t20240617_1954705.html,2026-09-27T23:16:54+08:00
2024-05,遵义,三线,新房,99.7,-0.3,97.6,-2.4,https://www.stats.gov.cn/sj/zxfb/202406/t20240617_1954705.html,2026-09-27T23:16:54+08:00
2024-05,郑州,二线,新房,99.5,-0.5,93.5,-6.5,https://www.stats.gov.cn/sj/zxfb/202406/t20240617_1954705.html,2026-09-27T23:16:54+08:00
2024-05,重庆,二线,新房,98.6,-1.4,97.3,-2.7,https://www.stats.gov.cn/sj/zxfb/202406/t20240617_1954705.html,2026-09-27T23:16:54+08:00
2024-05,金华,三线,新房,99.0,-1.0,91.7,-8.3,https://www.stats.gov.cn/sj/zxfb/202406/t20240617_1954705.html,2026-09-27T23:16:54+08:00
2024-05,银川,二线,新房,99.2,-0.8,95.8,-4.2,https://www.stats.gov.cn/sj/zxfb/202406/t20240617_1954705.html,2026-09-27T23:16:54+08:00
2024-05,锦州,三线,新房,99.6,-0.4,97.5,-2.5,https://www.stats.gov.cn/sj/zxfb/202406/t20240617_1954705.html,2026-09-27T23:16:54+08:00
2024-05,长春,二线,新房,99.8,-0.2,97.0,-3.0,https://www.stats.gov.cn/sj/zxfb/202406/t20240617_1954705.html,2026-09-27T23:16:54+08:00
2024-05,长沙,二线,新房,99.0,-1.0,98.3,-1.7,https://www.stats.gov.cn/sj/zxfb/202406/t20240617_1954705.html,2026-09-27T23:16:54+08:00
2024-05,青岛,二线,新房,99.3,-0.7,95.3,-4.7,https://www.stats.gov.cn/sj/zxfb/202406/t20240617_1954705.html,2026-09-27T23:16:54+08:00
2024-05,韶关,三线,新房,99.1,-0.9,93.3,-6.7,https://www.stats.gov.cn/sj/zxfb/202406/t20240617_1954705.html,2026-09-27T23:16:54+08:00
2025-01,三亚,三线,二手,99.8,-0.2,92.9,-7.1,https://www.stats.gov.cn/sj/zxfb/202502/t20250219_1958761.html,2026-09-27T23:16:54+08:00
2025-01,上海,一线,二手,100.4,0.4,97.7,-2.3,https://www.stats.gov.cn/sj/zxfb/202502/t20250219_1958761.html,2026-09-27T23:16:54+08:00
2025-01,丹东,三线,二手,99.8,-0.2,89.4,-10.6,https://www.stats.gov.cn/sj/zxfb/202502/t20250219_1958761.html,2026-09-27T23:16:54+08:00
2025-01,乌鲁木齐,二线,二手,99.7,-0.3,94.1,-5.9,https://www.stats.gov.cn/sj/zxfb/202502/t20250219_1958761.html,2026-09-27T23:16:54+08:00
2025-01,九江,三线,二手,99.5,-0.5,90.9,-9.1,https://www.stats.gov.cn/sj/zxfb/202502/t20250219_1958761.html,2026-09-27T23:16:54+08:00
2025-01,兰州,二线,二手,99.3,-0.7,90.7,-9.3,https://www.stats.gov.cn/sj/zxfb/202502/t20250219_1958761.html,2026-09-27T23:16:54+08:00
2025-01,包头,三线,二手,99.6,-0.4,88.8,-11.2,https://www.stats.gov.cn/sj/zxfb/202502/t20250219_1958761.html,2026-09-27T23:16:54+08:00
2025-01,北京,一线,二手,100.1,0.1,96.2,-3.8,https://www.stats.gov.cn/sj/zxfb/202502/t20250219_1958761.html,2026-09-27T23:16:54+08:00
2025-01,北海,三线,二手,99.7,-0.3,94.7,-5.3,https://www.stats.gov.cn/sj/zxfb/202502/t20250219_1958761.html,2026-09-27T23:16:54+08:00
2025-01,南京,二线,二手,100.0,0.0,94.4,-5.6,https://www.stats.gov.cn/sj/zxfb/202502/t20250219_1958761.html,2026-09-27T23:16:54+08:00
2025-01,南充,三线,二手,99.9,-0.1,93.1,-6.9,https://www.stats.gov.cn/sj/zxfb/202502/t20250219_1958761.html,2026-09-27T23:16:54+08:00
2025-01,南宁,二线,二手,99.7,-0.3,90.8,-9.2,https://www.stats.gov.cn/sj/zxfb/202502/t20250219_1958761.html,2026-09-27T23:16:54+08:00
2025-01,南昌,二线,二手,99.4,-0.6,89.2,-10.8,https://www.stats.gov.cn/sj/zxfb/202502/t20250219_1958761.html,2026-09-27T23:16:54+08:00
2025-01,厦门,二线,二手,100.0,0.0,89.3,-10.7,https://www.stats.gov.cn/sj/zxfb/202502/t20250219_1958761.html,2026-09-27T23:16:54+08:00
2025-01,合肥,二线,二手,99.6,-0.4,91.6,-8.4,https://www.stats.gov.cn/sj/zxfb/202502/t20250219_1958761.html,2026-09-27T23:16:54+08:00
2025-01,吉林,三线,二手,99.4,-0.6,94.1,-5.9,https://www.stats.gov.cn/sj/zxfb/202502/t20250219_1958761.html,2026-09-27T23:16:54+08:00
2025-01,呼和浩特,二线,二手,99.3,-0.7,88.6,-11.4,https://www.stats.gov.cn/sj/zxfb/202502/t20250219_1958761.html,2026-09-27T23:16:54+08:00
2025-01,哈尔滨,二线,二手,99.4,-0.6,91.9,-8.1,https://www.stats.gov.cn/sj/zxfb/202502/t20250219_1958761.html,2026-09-27T23:16:54+08:00
2025-01,唐山,三线,二手,99.3,-0.7,88.5,-11.5,https://www.stats.gov.cn/sj/zxfb/202502/t20250219_1958761.html,2026-09-27T23:16:54+08:00
2025-01,大理,三线,二手,99.8,-0.2,92.3,-7.7,https://www.stats.gov.cn/sj/zxfb/202502/t20250219_1958761.html,2026-09-27T23:16:54+08:00
2025-01,大连,二线,二手,99.8,-0.2,90.9,-9.1,https://www.stats.gov.cn/sj/zxfb/202502/t20250219_1958761.html,2026-09-27T23:16:54+08:00
2025-01,天津,二线,二手,100.1,0.1,94.3,-5.7,https://www.stats.gov.cn/sj/zxfb/202502/t20250219_1958761.html,2026-09-27T23:16:54+08:00
2025-01,太原,二线,二手,99.6,-0.4,95.7,-4.3,https://www.stats.gov.cn/sj/zxfb/202502/t20250219_1958761.html,2026-09-27T23:16:54+08:00
2025-01,宁波,二线,二手,100.3,0.3,91.6,-8.4,https://www.stats.gov.cn/sj/zxfb/202502/t20250219_1958761.html,2026-09-27T23:16:54+08:00
2025-01,安庆,三线,二手,99.3,-0.7,91.0,-9.0,https://www.stats.gov.cn/sj/zxfb/202502/t20250219_1958761.html,2026-09-27T23:16:54+08:00
2025-01,宜昌,三线,二手,99.7,-0.3,92.7,-7.3,https://www.stats.gov.cn/sj/zxfb/202502/t20250219_1958761.html,2026-09-27T23:16:54+08:00
2025-01,岳阳,三线,二手,99.8,-0.2,93.9,-6.1,https://www.stats.gov.cn/sj/zxfb/202502/t20250219_1958761.html,2026-09-27T23:16:54+08:00
2025-01,常德,三线,二手,99.3,-0.7,90.6,-9.4,https://www.stats.gov.cn/sj/zxfb/202502/t20250219_1958761.html,2026-09-27T23:16:54+08:00
2025-01,平顶山,三线,二手,99.8,-0.2,94.2,-5.8,https://www.stats.gov.cn/sj/zxfb/202502/t20250219_1958761.html,2026-09-27T23:16:54+08:00
2025-01,广州,一线,二手,99.8,-0.2,90.0,-10.0,https://www.stats.gov.cn/sj/zxfb/202502/t20250219_1958761.html,2026-09-27T23:16:54+08:00
2025-01,徐州,三线,二手,99.4,-0.6,92.7,-7.3,https://www.stats.gov.cn/sj/zxfb/202502/t20250219_1958761.html,2026-09-27T23:16:54+08:00
2025-01,惠州,三线,二手,99.4,-0.6,89.5,-10.5,https://www.stats.gov.cn/sj/zxfb/202502/t20250219_1958761.html,2026-09-27T23:16:54+08:00
2025-01,成都,二线,二手,100.2,0.2,95.1,-4.9,https://www.stats.gov.cn/sj/zxfb/202502/t20250219_1958761.html,2026-09-27T23:16:54+08:00
2025-01,扬州,三线,二手,98.8,-1.2,91.2,-8.8,https://www.stats.gov.cn/sj/zxfb/202502/t20250219_1958761.html,2026-09-27T23:16:54+08:00
2025-01,无锡,三线,二手,100.2,0.2,93.0,-7.0,https://www.stats.gov.cn/sj/zxfb/202502/t20250219_1958761.html,2026-09-27T23:16:54+08:00
2025-01,昆明,二线,二手,99.2,-0.8,93.1,-6.9,https://www.stats.gov.cn/sj/zxfb/202502/t20250219_1958761.html,2026-09-27T23:16:54+08:00
2025-01,杭州,二线,二手,99.6,-0.4,95.5,-4.5,https://www.stats.gov.cn/sj/zxfb/202502/t20250219_1958761.html,2026-09-27T23:16:54+08:00
2025-01,桂林,三线,二手,99.5,-0.5,94.3,-5.7,https://www.stats.gov.cn/sj/zxfb/202502/t20250219_1958761.html,2026-09-27T23:16:54+08:00
2025-01,武汉,二线,二手,99.5,-0.5,90.1,-9.9,https://www.stats.gov.cn/sj/zxfb/202502/t20250219_1958761.html,2026-09-27T23:16:54+08:00
2025-01,沈阳,二线,二手,99.6,-0.4,92.8,-7.2,https://www.stats.gov.cn/sj/zxfb/202502/t20250219_1958761.html,2026-09-27T23:16:54+08:00
2025-01,泉州,三线,二手,99.8,-0.2,88.9,-11.1,https://www.stats.gov.cn/sj/zxfb/202502/t20250219_1958761.html,2026-09-27T23:16:54+08:00
2025-01,泸州,三线,二手,99.7,-0.3,92.0,-8.0,https://www.stats.gov.cn/sj/zxfb/202502/t20250219_1958761.html,2026-09-27T23:16:54+08:00
2025-01,洛阳,三线,二手,99.6,-0.4,92.6,-7.4,https://www.stats.gov.cn/sj/zxfb/202502/t20250219_1958761.html,2026-09-27T23:16:54+08:00
2025-01,济南,二线,二手,99.9,-0.1,90.1,-9.9,https://www.stats.gov.cn/sj/zxfb/202502/t20250219_1958761.html,2026-09-27T23:16:54+08:00
2025-01,济宁,三线,二手,99.5,-0.5,94.2,-5.8,https://www.stats.gov.cn/sj/zxfb/202502/t20250219_1958761.html,2026-09-27T23:16:54+08:00
2025-01,海口,二线,二手,99.7,-0.3,92.9,-7.1,https://www.stats.gov.cn/sj/zxfb/202502/t20250219_1958761.html,2026-09-27T23:16:54+08:00
2025-01,深圳,一线,二手,100.4,0.4,93.9,-6.1,https://www.stats.gov.cn/sj/zxfb/202502/t20250219_1958761.html,2026-09-27T23:16:54+08:00
2025-01,温州,三线,二手,99.8,-0.2,88.9,-11.1,https://www.stats.gov.cn/sj/zxfb/202502/t20250219_1958761.html,2026-09-27T23:16:54+08:00
2025-01,湛江,三线,二手,99.5,-0.5,92.2,-7.8,https://www.stats.gov.cn/sj/zxfb/202502/t20250219_1958761.html,2026-09-27T23:16:54+08:00
2025-01,烟台,三线,二手,99.5,-0.5,91.0,-9.0,https://www.stats.gov.cn/sj/zxfb/202502/t20250219_1958761.html,2026-09-27T23:16:54+08:00
2025-01,牡丹江,三线,二手,99.4,-0.6,91.9,-8.1,https://www.stats.gov.cn/sj/zxfb/202502/t20250219_1958761.html,2026-09-27T23:16:54+08:00
2025-01,石家庄,二线,二手,99.7,-0.3,92.6,-7.4,https://www.stats.gov.cn/sj/zxfb/202502/t20250219_1958761.html,2026-09-27T23:16:54+08:00
2025-01,福州,二线,二手,99.5,-0.5,90.6,-9.4,https://www.stats.gov.cn/sj/zxfb/202502/t20250219_1958761.html,2026-09-27T23:16:54+08:00
2025-01,秦皇岛,三线,二手,99.5,-0.5,88.9,-11.1,https://www.stats.gov.cn/sj/zxfb/202502/t20250219_1958761.html,2026-09-27T23:16:54+08:00
2025-01,蚌埠,三线,二手,99.7,-0.3,92.7,-7.3,https://www.stats.gov.cn/sj/zxfb/202502/t20250219_1958761.html,2026-09-27T23:16:54+08:00
2025-01,襄阳,三线,二手,99.2,-0.8,89.9,-10.1,https://www.stats.gov.cn/sj/zxfb/202502/t20250219_1958761.html,2026-09-27T23:16:54+08:00
2025-01,西宁,二线,二手,99.6,-0.4,92.6,-7.4,https://www.stats.gov.cn/sj/zxfb/202502/t20250219_1958761.html,2026-09-27T23:16:54+08:00
2025-01,西安,二线,二手,99.7,-0.3,93.0,-7.0,https://www.stats.gov.cn/sj/zxfb/202502/t20250219_1958761.html,2026-09-27T23:16:54+08:00
2025-01,贵阳,二线,二手,99.7,-0.3,94.5,-5.5,https://www.stats.gov.cn/sj/zxfb/202502/t20250219_1958761.html,2026-09-27T23:16:54+08:00
2025-01,赣州,三线,二手,99.8,-0.2,94.6,-5.4,https://www.stats.gov.cn/sj/zxfb/202502/t20250219_1958761.html,2026-09-27T23:16:54+08:00
2025-01,遵义,三线,二手,99.7,-0.3,94.4,-5.6,https://www.stats.gov.cn/sj/zxfb/202502/t20250219_1958761.html,2026-09-27T23:16:54+08:00
2025-01,郑州,二线,二手,99.3,-0.7,92.2,-7.8,https://www.stats.gov.cn/sj/zxfb/202502/t20250219_1958761.html,2026-09-27T23:16:54+08:00
2025-01,重庆,二线,二手,99.6,-0.4,94.4,-5.6,https://www.stats.gov.cn/sj/zxfb/202502/t20250219_1958761.html,2026-09-27T23:16:54+08:00
2025-01,金华,三线,二手,99.9,-0.1,88.2,-11.8,https://www.stats.gov.cn/sj/zxfb/202502/t20250219_1958761.html,2026-09-27T23:16:54+08:00
2025-01,银川,二线,二手,99.7,-0.3,94.3,-5.7,https://www.stats.gov.cn/sj/zxfb/202502/t20250219_1958761.html,2026-09-27T23:16:54+08:00
2025-01,锦州,三线,二手,99.2,-0.8,91.4,-8.6,https://www.stats.gov.cn/sj/zxfb/202502/t20250219_1958761.html,2026-09-27T23:16:54+08:00
2025-01,长春,二线,二手,99.5,-0.5,93.3,-6.7,https://www.stats.gov.cn/sj/zxfb/202502/t20250219_1958761.html,2026-09-27T23:16:54+08:00
2025-01,长沙,二线,二手,99.7,-0.3,91.5,-8.5,https://www.stats.gov.cn/sj/zxfb/202502/t20250219_1958761.html,2026-09-27T23:16:54+08:00
2025-01,青岛,二线,二手,100.0,0.0,92.2,-7.8,https://www.stats.gov.cn/sj/zxfb/202502/t20250219_1958761.html,2026-09-27T23:16:54+08:00
2025-01,韶关,三线,二手,99.8,-0.2,93.0,-7.0,https://www.stats.gov.cn/sj/zxfb/202502/t20250219_1958761.html,2026-09-27T23:16:54+08:00
2025-01,三亚,三线,新房,100.2,0.2,96.6,-3.4,https://www.stats.gov.cn/sj/zxfb/202502/t20250219_1958761.html,2026-09-27T23:16:54+08:00
2025-01,上海,一线,新房,100.6,0.6,105.6,5.6,https://www.stats.gov.cn/sj/zxfb/202502/t20250219_1958761.html,2026-09-27T23:16:54+08:00
2025-01,丹东,三线,新房,99.4,-0.6,93.9,-6.1,https://www.stats.gov.cn/sj/zxfb/202502/t20250219_1958761.html,2026-09-27T23:16:54+08:00
2025-01,乌鲁木齐,二线,新房,99.6,-0.4,97.0,-3.0,https://www.stats.gov.cn/sj/zxfb/202502/t20250219_1958761.html,2026-09-27T23:16:54+08:00
2025-01,九江,三线,新房,99.6,-0.4,92.3,-7.7,https://www.stats.gov.cn/sj/zxfb/202502/t20250219_1958761.html,2026-09-27T23:16:54+08:00
2025-01,兰州,二线,新房,100.0,0.0,92.4,-7.6,https://www.stats.gov.cn/sj/zxfb/202502/t20250219_1958761.html,2026-09-27T23:16:54+08:00
2025-01,包头,三线,新房,99.9,-0.1,93.4,-6.6,https://www.stats.gov.cn/sj/zxfb/202502/t20250219_1958761.html,2026-09-27T23:16:54+08:00
2025-01,北京,一线,新房,99.6,-0.4,94.3,-5.7,https://www.stats.gov.cn/sj/zxfb/202502/t20250219_1958761.html,2026-09-27T23:16:54+08:00
2025-01,北海,三线,新房,99.4,-0.6,94.7,-5.3,https://www.stats.gov.cn/sj/zxfb/202502/t20250219_1958761.html,2026-09-27T23:16:54+08:00
2025-01,南京,二线,新房,100.7,0.7,95.2,-4.8,https://www.stats.gov.cn/sj/zxfb/202502/t20250219_1958761.html,2026-09-27T23:16:54+08:00
2025-01,南充,三线,新房,99.7,-0.3,97.1,-2.9,https://www.stats.gov.cn/sj/zxfb/202502/t20250219_1958761.html,2026-09-27T23:16:54+08:00
2025-01,南宁,二线,新房,100.1,0.1,93.0,-7.0,https://www.stats.gov.cn/sj/zxfb/202502/t20250219_1958761.html,2026-09-27T23:16:54+08:00
2025-01,南昌,二线,新房,99.7,-0.3,94.4,-5.6,https://www.stats.gov.cn/sj/zxfb/202502/t20250219_1958761.html,2026-09-27T23:16:54+08:00
2025-01,厦门,二线,新房,100.1,0.1,92.1,-7.9,https://www.stats.gov.cn/sj/zxfb/202502/t20250219_1958761.html,2026-09-27T23:16:54+08:00
2025-01,合肥,二线,新房,99.9,-0.1,94.1,-5.9,https://www.stats.gov.cn/sj/zxfb/202502/t20250219_1958761.html,2026-09-27T23:16:54+08:00
2025-01,吉林,三线,新房,99.7,-0.3,94.4,-5.6,https://www.stats.gov.cn/sj/zxfb/202502/t20250219_1958761.html,2026-09-27T23:16:54+08:00
2025-01,呼和浩特,二线,新房,99.4,-0.6,94.2,-5.8,https://www.stats.gov.cn/sj/zxfb/202502/t20250219_1958761.html,2026-09-27T23:16:54+08:00
2025-01,哈尔滨,二线,新房,99.9,-0.1,93.7,-6.3,https://www.stats.gov.cn/sj/zxfb/202502/t20250219_1958761.html,2026-09-27T23:16:54+08:00
2025-01,唐山,三线,新房,99.8,-0.2,92.4,-7.6,https://www.stats.gov.cn/sj/zxfb/202502/t20250219_1958761.html,2026-09-27T23:16:54+08:00
2025-01,大理,三线,新房,99.7,-0.3,93.7,-6.3,https://www.stats.gov.cn/sj/zxfb/202502/t20250219_1958761.html,2026-09-27T23:16:54+08:00
2025-01,大连,二线,新房,100.2,0.2,94.2,-5.8,https://www.stats.gov.cn/sj/zxfb/202502/t20250219_1958761.html,2026-09-27T23:16:54+08:00
2025-01,天津,二线,新房,100.3,0.3,97.9,-2.1,https://www.stats.gov.cn/sj/zxfb/202502/t20250219_1958761.html,2026-09-27T23:16:54+08:00
2025-01,太原,二线,新房,100.3,0.3,101.0,1.0,https://www.stats.gov.cn/sj/zxfb/202502/t20250219_1958761.html,2026-09-27T23:16:54+08:00
2025-01,宁波,二线,新房,100.6,0.6,92.8,-7.2,https://www.stats.gov.cn/sj/zxfb/202502/t20250219_1958761.html,2026-09-27T23:16:54+08:00
2025-01,安庆,三线,新房,99.9,-0.1,93.7,-6.3,https://www.stats.gov.cn/sj/zxfb/202502/t20250219_1958761.html,2026-09-27T23:16:54+08:00
2025-01,宜昌,三线,新房,99.9,-0.1,94.9,-5.1,https://www.stats.gov.cn/sj/zxfb/202502/t20250219_1958761.html,2026-09-27T23:16:54+08:00
2025-01,岳阳,三线,新房,99.8,-0.2,93.6,-6.4,https://www.stats.gov.cn/sj/zxfb/202502/t20250219_1958761.html,2026-09-27T23:16:54+08:00
2025-01,常德,三线,新房,99.7,-0.3,92.1,-7.9,https://www.stats.gov.cn/sj/zxfb/202502/t20250219_1958761.html,2026-09-27T23:16:54+08:00
2025-01,平顶山,三线,新房,100.1,0.1,98.8,-1.2,https://www.stats.gov.cn/sj/zxfb/202502/t20250219_1958761.html,2026-09-27T23:16:54+08:00
2025-01,广州,一线,新房,100.0,0.0,91.6,-8.4,https://www.stats.gov.cn/sj/zxfb/202502/t20250219_1958761.html,2026-09-27T23:16:54+08:00
2025-01,徐州,三线,新房,99.6,-0.4,93.9,-6.1,https://www.stats.gov.cn/sj/zxfb/202502/t20250219_1958761.html,2026-09-27T23:16:54+08:00
2025-01,惠州,三线,新房,100.2,0.2,93.8,-6.2,https://www.stats.gov.cn/sj/zxfb/202502/t20250219_1958761.html,2026-09-27T23:16:54+08:00
2025-01,成都,二线,新房,100.7,0.7,96.6,-3.4,https://www.stats.gov.cn/sj/zxfb/202502/t20250219_1958761.html,2026-09-27T23:16:54+08:00
2025-01,扬州,三线,新房,99.5,-0.5,93.7,-6.3,https://www.stats.gov.cn/sj/zxfb/202502/t20250219_1958761.html,2026-09-27T23:16:54+08:00
2025-01,无锡,三线,新房,100.5,0.5,96.6,-3.4,https://www.stats.gov.cn/sj/zxfb/202502/t20250219_1958761.html,2026-09-27T23:16:54+08:00
2025-01,昆明,二线,新房,99.7,-0.3,91.9,-8.1,https://www.stats.gov.cn/sj/zxfb/202502/t20250219_1958761.html,2026-09-27T23:16:54+08:00
2025-01,杭州,二线,新房,100.3,0.3,98.6,-1.4,https://www.stats.gov.cn/sj/zxfb/202502/t20250219_1958761.html,2026-09-27T23:16:54+08:00
2025-01,桂林,三线,新房,99.8,-0.2,96.2,-3.8,https://www.stats.gov.cn/sj/zxfb/202502/t20250219_1958761.html,2026-09-27T23:16:54+08:00
2025-01,武汉,二线,新房,100.5,0.5,93.1,-6.9,https://www.stats.gov.cn/sj/zxfb/202502/t20250219_1958761.html,2026-09-27T23:16:54+08:00
2025-01,沈阳,二线,新房,99.8,-0.2,96.3,-3.7,https://www.stats.gov.cn/sj/zxfb/202502/t20250219_1958761.html,2026-09-27T23:16:54+08:00
2025-01,泉州,三线,新房,100.1,0.1,92.0,-8.0,https://www.stats.gov.cn/sj/zxfb/202502/t20250219_1958761.html,2026-09-27T23:16:54+08:00
2025-01,泸州,三线,新房,99.5,-0.5,92.2,-7.8,https://www.stats.gov.cn/sj/zxfb/202502/t20250219_1958761.html,2026-09-27T23:16:54+08:00
2025-01,洛阳,三线,新房,99.7,-0.3,93.9,-6.1,https://www.stats.gov.cn/sj/zxfb/202502/t20250219_1958761.html,2026-09-27T23:16:54+08:00
2025-01,济南,二线,新房,99.8,-0.2,93.7,-6.3,https://www.stats.gov.cn/sj/zxfb/202502/t20250219_1958761.html,2026-09-27T23:16:54+08:00
2025-01,济宁,三线,新房,99.8,-0.2,94.7,-5.3,https://www.stats.gov.cn/sj/zxfb/202502/t20250219_1958761.html,2026-09-27T23:16:54+08:00
2025-01,海口,二线,新房,100.4,0.4,95.8,-4.2,https://www.stats.gov.cn/sj/zxfb/202502/t20250219_1958761.html,2026-09-27T23:16:54+08:00
2025-01,深圳,一线,新房,100.2,0.2,94.8,-5.2,https://www.stats.gov.cn/sj/zxfb/202502/t20250219_1958761.html,2026-09-27T23:16:54+08:00
2025-01,温州,三线,新房,99.9,-0.1,90.0,-10.0,https://www.stats.gov.cn/sj/zxfb/202502/t20250219_1958761.html,2026-09-27T23:16:54+08:00
2025-01,湛江,三线,新房,99.9,-0.1,93.3,-6.7,https://www.stats.gov.cn/sj/zxfb/202502/t20250219_1958761.html,2026-09-27T23:16:54+08:00
2025-01,烟台,三线,新房,99.6,-0.4,94.1,-5.9,https://www.stats.gov.cn/sj/zxfb/202502/t20250219_1958761.html,2026-09-27T23:16:54+08:00
2025-01,牡丹江,三线,新房,99.6,-0.4,92.9,-7.1,https://www.stats.gov.cn/sj/zxfb/202502/t20250219_1958761.html,2026-09-27T23:16:54+08:00
2025-01,石家庄,二线,新房,99.9,-0.1,96.5,-3.5,https://www.stats.gov.cn/sj/zxfb/202502/t20250219_1958761.html,2026-09-27T23:16:54+08:00
2025-01,福州,二线,新房,100.2,0.2,92.3,-7.7,https://www.stats.gov.cn/sj/zxfb/202502/t20250219_1958761.html,2026-09-27T23:16:54+08:00
2025-01,秦皇岛,三线,新房,99.7,-0.3,92.7,-7.3,https://www.stats.gov.cn/sj/zxfb/202502/t20250219_1958761.html,2026-09-27T23:16:54+08:00
2025-01,蚌埠,三线,新房,99.8,-0.2,93.5,-6.5,https://www.stats.gov.cn/sj/zxfb/202502/t20250219_1958761.html,2026-09-27T23:16:54+08:00
2025-01,襄阳,三线,新房,99.8,-0.2,93.3,-6.7,https://www.stats.gov.cn/sj/zxfb/202502/t20250219_1958761.html,2026-09-27T23:16:54+08:00
2025-01,西宁,二线,新房,99.7,-0.3,94.5,-5.5,https://www.stats.gov.cn/sj/zxfb/202502/t20250219_1958761.html,2026-09-27T23:16:54+08:00
2025-01,西安,二线,新房,99.6,-0.4,99.0,-1.0,https://www.stats.gov.cn/sj/zxfb/202502/t20250219_1958761.html,2026-09-27T23:16:54+08:00
2025-01,贵阳,二线,新房,99.8,-0.2,95.1,-4.9,https://www.stats.gov.cn/sj/zxfb/202502/t20250219_1958761.html,2026-09-27T23:16:54+08:00
2025-01,赣州,三线,新房,100.2,0.2,94.7,-5.3,https://www.stats.gov.cn/sj/zxfb/202502/t20250219_1958761.html,2026-09-27T23:16:54+08:00
2025-01,遵义,三线,新房,100.1,0.1,96.6,-3.4,https://www.stats.gov.cn/sj/zxfb/202502/t20250219_1958761.html,2026-09-27T23:16:54+08:00
2025-01,郑州,二线,新房,100.3,0.3,94.6,-5.4,https://www.stats.gov.cn/sj/zxfb/202502/t20250219_1958761.html,2026-09-27T23:16:54+08:00
2025-01,重庆,二线,新房,100.4,0.4,94.8,-5.2,https://www.stats.gov.cn/sj/zxfb/202502/t20250219_1958761.html,2026-09-27T23:16:54+08:00
2025-01,金华,三线,新房,100.0,0.0,89.7,-10.3,https://www.stats.gov.cn/sj/zxfb/202502/t20250219_1958761.html,2026-09-27T23:16:54+08:00
2025-01,银川,二线,新房,99.8,-0.2,95.6,-4.4,https://www.stats.gov.cn/sj/zxfb/202502/t20250219_1958761.html,2026-09-27T23:16:54+08:00
2025-01,锦州,三线,新房,99.5,-0.5,95.4,-4.6,https://www.stats.gov.cn/sj/zxfb/202502/t20250219_1958761.html,2026-09-27T23:16:54+08:00
2025-01,长春,二线,新房,99.8,-0.2,95.8,-4.2,https://www.stats.gov.cn/sj/zxfb/202502/t20250219_1958761.html,2026-09-27T23:16:54+08:00
2025-01,长沙,二线,新房,100.0,0.0,93.5,-6.5,https://www.stats.gov.cn/sj/zxfb/202502/t20250219_1958761.html,2026-09-27T23:16:54+08:00
2025-01,青岛,二线,新房,100.1,0.1,94.8,-5.2,https://www.stats.gov.cn/sj/zxfb/202502/t20250219_1958761.html,2026-09-27T23:16:54+08:00
2025-01,韶关,三线,新房,99.7,-0.3,94.2,-5.8,https://www.stats.gov.cn/sj/zxfb/202502/t20250219_1958761.html,2026-09-27T23:16:54+08:00
2025-07,三亚,三线,二手,99.5,-0.5,93.4,-6.6,https://www.stats.gov.cn/zwfwck/sjfb/202508/t20250815_1960781.html,2026-09-27T23:16:54+08:00
2025-07,上海,一线,二手,99.1,-0.9,97.8,-2.2,https://www.stats.gov.cn/zwfwck/sjfb/202508/t20250815_1960781.html,2026-09-27T23:16:54+08:00
2025-07,丹东,三线,二手,99.5,-0.5,92.9,-7.1,https://www.stats.gov.cn/zwfwck/sjfb/202508/t20250815_1960781.html,2026-09-27T23:16:54+08:00
2025-07,乌鲁木齐,二线,二手,99.7,-0.3,95.4,-4.6,https://www.stats.gov.cn/zwfwck/sjfb/202508/t20250815_1960781.html,2026-09-27T23:16:54+08:00
2025-07,九江,三线,二手,99.9,-0.1,94.0,-6.0,https://www.stats.gov.cn/zwfwck/sjfb/202508/t20250815_1960781.html,2026-09-27T23:16:54+08:00
2025-07,兰州,二线,二手,99.7,-0.3,93.5,-6.5,https://www.stats.gov.cn/zwfwck/sjfb/202508/t20250815_1960781.html,2026-09-27T23:16:54+08:00
2025-07,包头,三线,二手,99.3,-0.7,91.5,-8.5,https://www.stats.gov.cn/zwfwck/sjfb/202508/t20250815_1960781.html,2026-09-27T23:16:54+08:00
2025-07,北京,一线,二手,98.9,-1.1,97.1,-2.9,https://www.stats.gov.cn/zwfwck/sjfb/202508/t20250815_1960781.html,2026-09-27T23:16:54+08:00
2025-07,北海,三线,二手,99.4,-0.6,93.7,-6.3,https://www.stats.gov.cn/zwfwck/sjfb/202508/t20250815_1960781.html,2026-09-27T23:16:54+08:00
2025-07,南京,二线,二手,99.2,-0.8,93.9,-6.1,https://www.stats.gov.cn/zwfwck/sjfb/202508/t20250815_1960781.html,2026-09-27T23:16:54+08:00
2025-07,南充,三线,二手,99.8,-0.2,96.2,-3.8,https://www.stats.gov.cn/zwfwck/sjfb/202508/t20250815_1960781.html,2026-09-27T23:16:54+08:00
2025-07,南宁,二线,二手,99.4,-0.6,93.1,-6.9,https://www.stats.gov.cn/zwfwck/sjfb/202508/t20250815_1960781.html,2026-09-27T23:16:54+08:00
2025-07,南昌,二线,二手,99.6,-0.4,93.5,-6.5,https://www.stats.gov.cn/zwfwck/sjfb/202508/t20250815_1960781.html,2026-09-27T23:16:54+08:00
2025-07,厦门,二线,二手,99.3,-0.7,94.2,-5.8,https://www.stats.gov.cn/zwfwck/sjfb/202508/t20250815_1960781.html,2026-09-27T23:16:54+08:00
2025-07,合肥,二线,二手,99.4,-0.6,92.6,-7.4,https://www.stats.gov.cn/zwfwck/sjfb/202508/t20250815_1960781.html,2026-09-27T23:16:54+08:00
2025-07,吉林,三线,二手,99.7,-0.3,95.6,-4.4,https://www.stats.gov.cn/zwfwck/sjfb/202508/t20250815_1960781.html,2026-09-27T23:16:54+08:00
2025-07,呼和浩特,二线,二手,99.4,-0.6,91.3,-8.7,https://www.stats.gov.cn/zwfwck/sjfb/202508/t20250815_1960781.html,2026-09-27T23:16:54+08:00
2025-07,哈尔滨,二线,二手,99.4,-0.6,93.7,-6.3,https://www.stats.gov.cn/zwfwck/sjfb/202508/t20250815_1960781.html,2026-09-27T23:16:54+08:00
2025-07,唐山,三线,二手,99.3,-0.7,90.6,-9.4,https://www.stats.gov.cn/zwfwck/sjfb/202508/t20250815_1960781.html,2026-09-27T23:16:54+08:00
2025-07,大理,三线,二手,99.6,-0.4,94.8,-5.2,https://www.stats.gov.cn/zwfwck/sjfb/202508/t20250815_1960781.html,2026-09-27T23:16:54+08:00
2025-07,大连,二线,二手,99.6,-0.4,93.8,-6.2,https://www.stats.gov.cn/zwfwck/sjfb/202508/t20250815_1960781.html,2026-09-27T23:16:54+08:00
2025-07,天津,二线,二手,99.4,-0.6,96.8,-3.2,https://www.stats.gov.cn/zwfwck/sjfb/202508/t20250815_1960781.html,2026-09-27T23:16:54+08:00
2025-07,太原,二线,二手,100.2,0.2,95.4,-4.6,https://www.stats.gov.cn/zwfwck/sjfb/202508/t20250815_1960781.html,2026-09-27T23:16:54+08:00
2025-07,宁波,二线,二手,99.2,-0.8,94.2,-5.8,https://www.stats.gov.cn/zwfwck/sjfb/202508/t20250815_1960781.html,2026-09-27T23:16:54+08:00
2025-07,安庆,三线,二手,99.5,-0.5,92.8,-7.2,https://www.stats.gov.cn/zwfwck/sjfb/202508/t20250815_1960781.html,2026-09-27T23:16:54+08:00
2025-07,宜昌,三线,二手,99.5,-0.5,94.6,-5.4,https://www.stats.gov.cn/zwfwck/sjfb/202508/t20250815_1960781.html,2026-09-27T23:16:54+08:00
2025-07,岳阳,三线,二手,99.6,-0.4,94.3,-5.7,https://www.stats.gov.cn/zwfwck/sjfb/202508/t20250815_1960781.html,2026-09-27T23:16:54+08:00
2025-07,常德,三线,二手,99.3,-0.7,92.4,-7.6,https://www.stats.gov.cn/zwfwck/sjfb/202508/t20250815_1960781.html,2026-09-27T23:16:54+08:00
2025-07,平顶山,三线,二手,99.7,-0.3,95.4,-4.6,https://www.stats.gov.cn/zwfwck/sjfb/202508/t20250815_1960781.html,2026-09-27T23:16:54+08:00
2025-07,广州,一线,二手,99.0,-1.0,94.0,-6.0,https://www.stats.gov.cn/zwfwck/sjfb/202508/t20250815_1960781.html,2026-09-27T23:16:54+08:00
2025-07,徐州,三线,二手,99.0,-1.0,92.3,-7.7,https://www.stats.gov.cn/zwfwck/sjfb/202508/t20250815_1960781.html,2026-09-27T23:16:54+08:00
2025-07,惠州,三线,二手,99.5,-0.5,91.5,-8.5,https://www.stats.gov.cn/zwfwck/sjfb/202508/t20250815_1960781.html,2026-09-27T23:16:54+08:00
2025-07,成都,二线,二手,99.6,-0.4,99.7,-0.3,https://www.stats.gov.cn/zwfwck/sjfb/202508/t20250815_1960781.html,2026-09-27T23:16:54+08:00
2025-07,扬州,三线,二手,99.6,-0.4,91.5,-8.5,https://www.stats.gov.cn/zwfwck/sjfb/202508/t20250815_1960781.html,2026-09-27T23:16:54+08:00
2025-07,无锡,三线,二手,99.3,-0.7,95.0,-5.0,https://www.stats.gov.cn/zwfwck/sjfb/202508/t20250815_1960781.html,2026-09-27T23:16:54+08:00
2025-07,昆明,二线,二手,99.6,-0.4,91.9,-8.1,https://www.stats.gov.cn/zwfwck/sjfb/202508/t20250815_1960781.html,2026-09-27T23:16:54+08:00
2025-07,杭州,二线,二手,99.3,-0.7,97.3,-2.7,https://www.stats.gov.cn/zwfwck/sjfb/202508/t20250815_1960781.html,2026-09-27T23:16:54+08:00
2025-07,桂林,三线,二手,99.4,-0.6,95.1,-4.9,https://www.stats.gov.cn/zwfwck/sjfb/202508/t20250815_1960781.html,2026-09-27T23:16:54+08:00
2025-07,武汉,二线,二手,98.9,-1.1,94.4,-5.6,https://www.stats.gov.cn/zwfwck/sjfb/202508/t20250815_1960781.html,2026-09-27T23:16:54+08:00
2025-07,沈阳,二线,二手,99.7,-0.3,95.3,-4.7,https://www.stats.gov.cn/zwfwck/sjfb/202508/t20250815_1960781.html,2026-09-27T23:16:54+08:00
2025-07,泉州,三线,二手,99.7,-0.3,92.3,-7.7,https://www.stats.gov.cn/zwfwck/sjfb/202508/t20250815_1960781.html,2026-09-27T23:16:54+08:00
2025-07,泸州,三线,二手,99.4,-0.6,94.2,-5.8,https://www.stats.gov.cn/zwfwck/sjfb/202508/t20250815_1960781.html,2026-09-27T23:16:54+08:00
2025-07,洛阳,三线,二手,99.6,-0.4,95.3,-4.7,https://www.stats.gov.cn/zwfwck/sjfb/202508/t20250815_1960781.html,2026-09-27T23:16:54+08:00
2025-07,济南,二线,二手,99.6,-0.4,94.1,-5.9,https://www.stats.gov.cn/zwfwck/sjfb/202508/t20250815_1960781.html,2026-09-27T23:16:54+08:00
2025-07,济宁,三线,二手,99.3,-0.7,94.8,-5.2,https://www.stats.gov.cn/zwfwck/sjfb/202508/t20250815_1960781.html,2026-09-27T23:16:54+08:00
2025-07,海口,二线,二手,99.4,-0.6,95.9,-4.1,https://www.stats.gov.cn/zwfwck/sjfb/202508/t20250815_1960781.html,2026-09-27T23:16:54+08:00
2025-07,深圳,一线,二手,99.1,-0.9,97.5,-2.5,https://www.stats.gov.cn/zwfwck/sjfb/202508/t20250815_1960781.html,2026-09-27T23:16:54+08:00
2025-07,温州,三线,二手,99.6,-0.4,91.8,-8.2,https://www.stats.gov.cn/zwfwck/sjfb/202508/t20250815_1960781.html,2026-09-27T23:16:54+08:00
2025-07,湛江,三线,二手,99.3,-0.7,94.4,-5.6,https://www.stats.gov.cn/zwfwck/sjfb/202508/t20250815_1960781.html,2026-09-27T23:16:54+08:00
2025-07,烟台,三线,二手,99.2,-0.8,93.3,-6.7,https://www.stats.gov.cn/zwfwck/sjfb/202508/t20250815_1960781.html,2026-09-27T23:16:54+08:00
2025-07,牡丹江,三线,二手,99.8,-0.2,94.1,-5.9,https://www.stats.gov.cn/zwfwck/sjfb/202508/t20250815_1960781.html,2026-09-27T23:16:54+08:00
2025-07,石家庄,二线,二手,99.3,-0.7,94.2,-5.8,https://www.stats.gov.cn/zwfwck/sjfb/202508/t20250815_1960781.html,2026-09-27T23:16:54+08:00
2025-07,福州,二线,二手,99.4,-0.6,92.9,-7.1,https://www.stats.gov.cn/zwfwck/sjfb/202508/t20250815_1960781.html,2026-09-27T23:16:54+08:00
2025-07,秦皇岛,三线,二手,99.2,-0.8,90.6,-9.4,https://www.stats.gov.cn/zwfwck/sjfb/202508/t20250815_1960781.html,2026-09-27T23:16:54+08:00
2025-07,蚌埠,三线,二手,99.6,-0.4,95.2,-4.8,https://www.stats.gov.cn/zwfwck/sjfb/202508/t20250815_1960781.html,2026-09-27T23:16:54+08:00
2025-07,襄阳,三线,二手,99.2,-0.8,91.6,-8.4,https://www.stats.gov.cn/zwfwck/sjfb/202508/t20250815_1960781.html,2026-09-27T23:16:54+08:00
2025-07,西宁,二线,二手,100.0,0.0,96.0,-4.0,https://www.stats.gov.cn/zwfwck/sjfb/202508/t20250815_1960781.html,2026-09-27T23:16:54+08:00
2025-07,西安,二线,二手,99.1,-0.9,93.1,-6.9,https://www.stats.gov.cn/zwfwck/sjfb/202508/t20250815_1960781.html,2026-09-27T23:16:54+08:00
2025-07,贵阳,二线,二手,99.4,-0.6,95.3,-4.7,https://www.stats.gov.cn/zwfwck/sjfb/202508/t20250815_1960781.html,2026-09-27T23:16:54+08:00
2025-07,赣州,三线,二手,99.4,-0.6,97.7,-2.3,https://www.stats.gov.cn/zwfwck/sjfb/202508/t20250815_1960781.html,2026-09-27T23:16:54+08:00
2025-07,遵义,三线,二手,99.7,-0.3,94.3,-5.7,https://www.stats.gov.cn/zwfwck/sjfb/202508/t20250815_1960781.html,2026-09-27T23:16:54+08:00
2025-07,郑州,二线,二手,99.3,-0.7,91.9,-8.1,https://www.stats.gov.cn/zwfwck/sjfb/202508/t20250815_1960781.html,2026-09-27T23:16:54+08:00
2025-07,重庆,二线,二手,99.5,-0.5,96.0,-4.0,https://www.stats.gov.cn/zwfwck/sjfb/202508/t20250815_1960781.html,2026-09-27T23:16:54+08:00
2025-07,金华,三线,二手,99.5,-0.5,92.5,-7.5,https://www.stats.gov.cn/zwfwck/sjfb/202508/t20250815_1960781.html,2026-09-27T23:16:54+08:00
2025-07,银川,二线,二手,99.7,-0.3,95.6,-4.4,https://www.stats.gov.cn/zwfwck/sjfb/202508/t20250815_1960781.html,2026-09-27T23:16:54+08:00
2025-07,锦州,三线,二手,99.6,-0.4,93.0,-7.0,https://www.stats.gov.cn/zwfwck/sjfb/202508/t20250815_1960781.html,2026-09-27T23:16:54+08:00
2025-07,长春,二线,二手,99.5,-0.5,93.7,-6.3,https://www.stats.gov.cn/zwfwck/sjfb/202508/t20250815_1960781.html,2026-09-27T23:16:54+08:00
2025-07,长沙,二线,二手,99.3,-0.7,93.3,-6.7,https://www.stats.gov.cn/zwfwck/sjfb/202508/t20250815_1960781.html,2026-09-27T23:16:54+08:00
2025-07,青岛,二线,二手,99.4,-0.6,95.1,-4.9,https://www.stats.gov.cn/zwfwck/sjfb/202508/t20250815_1960781.html,2026-09-27T23:16:54+08:00
2025-07,韶关,三线,二手,99.5,-0.5,94.2,-5.8,https://www.stats.gov.cn/zwfwck/sjfb/202508/t20250815_1960781.html,2026-09-27T23:16:54+08:00
2025-07,三亚,三线,新房,100.2,0.2,99.0,-1.0,https://www.stats.gov.cn/zwfwck/sjfb/202508/t20250815_1960781.html,2026-09-27T23:16:54+08:00
2025-07,上海,一线,新房,100.3,0.3,106.1,6.1,https://www.stats.gov.cn/zwfwck/sjfb/202508/t20250815_1960781.html,2026-09-27T23:16:54+08:00
2025-07,丹东,三线,新房,99.8,-0.2,95.5,-4.5,https://www.stats.gov.cn/zwfwck/sjfb/202508/t20250815_1960781.html,2026-09-27T23:16:54+08:00
2025-07,乌鲁木齐,二线,新房,100.3,0.3,100.3,0.3,https://www.stats.gov.cn/zwfwck/sjfb/202508/t20250815_1960781.html,2026-09-27T23:16:54+08:00
2025-07,九江,三线,新房,99.7,-0.3,97.2,-2.8,https://www.stats.gov.cn/zwfwck/sjfb/202508/t20250815_1960781.html,2026-09-27T23:16:54+08:00
2025-07,兰州,二线,新房,99.3,-0.7,94.6,-5.4,https://www.stats.gov.cn/zwfwck/sjfb/202508/t20250815_1960781.html,2026-09-27T23:16:54+08:00
2025-07,包头,三线,新房,99.4,-0.6,94.4,-5.6,https://www.stats.gov.cn/zwfwck/sjfb/202508/t20250815_1960781.html,2026-09-27T23:16:54+08:00
2025-07,北京,一线,新房,100.0,0.0,96.4,-3.6,https://www.stats.gov.cn/zwfwck/sjfb/202508/t20250815_1960781.html,2026-09-27T23:16:54+08:00
2025-07,北海,三线,新房,99.4,-0.6,93.3,-6.7,https://www.stats.gov.cn/zwfwck/sjfb/202508/t20250815_1960781.html,2026-09-27T23:16:54+08:00
2025-07,南京,二线,新房,99.5,-0.5,99.6,-0.4,https://www.stats.gov.cn/zwfwck/sjfb/202508/t20250815_1960781.html,2026-09-27T23:16:54+08:00
2025-07,南充,三线,新房,99.5,-0.5,97.5,-2.5,https://www.stats.gov.cn/zwfwck/sjfb/202508/t20250815_1960781.html,2026-09-27T23:16:54+08:00
2025-07,南宁,二线,新房,100.0,0.0,98.4,-1.6,https://www.stats.gov.cn/zwfwck/sjfb/202508/t20250815_1960781.html,2026-09-27T23:16:54+08:00
2025-07,南昌,二线,新房,99.4,-0.6,94.9,-5.1,https://www.stats.gov.cn/zwfwck/sjfb/202508/t20250815_1960781.html,2026-09-27T23:16:54+08:00
2025-07,厦门,二线,新房,99.4,-0.6,98.2,-1.8,https://www.stats.gov.cn/zwfwck/sjfb/202508/t20250815_1960781.html,2026-09-27T23:16:54+08:00
2025-07,合肥,二线,新房,99.9,-0.1,98.3,-1.7,https://www.stats.gov.cn/zwfwck/sjfb/202508/t20250815_1960781.html,2026-09-27T23:16:54+08:00
2025-07,吉林,三线,新房,99.5,-0.5,94.8,-5.2,https://www.stats.gov.cn/zwfwck/sjfb/202508/t20250815_1960781.html,2026-09-27T23:16:54+08:00
2025-07,呼和浩特,二线,新房,99.7,-0.3,94.4,-5.6,https://www.stats.gov.cn/zwfwck/sjfb/202508/t20250815_1960781.html,2026-09-27T23:16:54+08:00
2025-07,哈尔滨,二线,新房,99.7,-0.3,96.4,-3.6,https://www.stats.gov.cn/zwfwck/sjfb/202508/t20250815_1960781.html,2026-09-27T23:16:54+08:00
2025-07,唐山,三线,新房,99.6,-0.4,93.5,-6.5,https://www.stats.gov.cn/zwfwck/sjfb/202508/t20250815_1960781.html,2026-09-27T23:16:54+08:00
2025-07,大理,三线,新房,99.8,-0.2,94.7,-5.3,https://www.stats.gov.cn/zwfwck/sjfb/202508/t20250815_1960781.html,2026-09-27T23:16:54+08:00
2025-07,大连,二线,新房,100.0,0.0,97.3,-2.7,https://www.stats.gov.cn/zwfwck/sjfb/202508/t20250815_1960781.html,2026-09-27T23:16:54+08:00
2025-07,天津,二线,新房,99.7,-0.3,98.1,-1.9,https://www.stats.gov.cn/zwfwck/sjfb/202508/t20250815_1960781.html,2026-09-27T23:16:54+08:00
2025-07,太原,二线,新房,99.8,-0.2,101.0,1.0,https://www.stats.gov.cn/zwfwck/sjfb/202508/t20250815_1960781.html,2026-09-27T23:16:54+08:00
2025-07,宁波,二线,新房,99.4,-0.6,99.1,-0.9,https://www.stats.gov.cn/zwfwck/sjfb/202508/t20250815_1960781.html,2026-09-27T23:16:54+08:00
2025-07,安庆,三线,新房,99.8,-0.2,95.6,-4.4,https://www.stats.gov.cn/zwfwck/sjfb/202508/t20250815_1960781.html,2026-09-27T23:16:54+08:00
2025-07,宜昌,三线,新房,100.2,0.2,98.4,-1.6,https://www.stats.gov.cn/zwfwck/sjfb/202508/t20250815_1960781.html,2026-09-27T23:16:54+08:00
2025-07,岳阳,三线,新房,99.8,-0.2,94.8,-5.2,https://www.stats.gov.cn/zwfwck/sjfb/202508/t20250815_1960781.html,2026-09-27T23:16:54+08:00
2025-07,常德,三线,新房,100.1,0.1,95.9,-4.1,https://www.stats.gov.cn/zwfwck/sjfb/202508/t20250815_1960781.html,2026-09-27T23:16:54+08:00
2025-07,平顶山,三线,新房,99.9,-0.1,99.2,-0.8,https://www.stats.gov.cn/zwfwck/sjfb/202508/t20250815_1960781.html,2026-09-27T23:16:54+08:00
2025-07,广州,一线,新房,99.7,-0.3,95.4,-4.6,https://www.stats.gov.cn/zwfwck/sjfb/202508/t20250815_1960781.html,2026-09-27T23:16:54+08:00
2025-07,徐州,三线,新房,100.0,0.0,95.7,-4.3,https://www.stats.gov.cn/zwfwck/sjfb/202508/t20250815_1960781.html,2026-09-27T23:16:54+08:00
2025-07,惠州,三线,新房,99.8,-0.2,96.3,-3.7,https://www.stats.gov.cn/zwfwck/sjfb/202508/t20250815_1960781.html,2026-09-27T23:16:54+08:00
2025-07,成都,二线,新房,99.8,-0.2,100.1,0.1,https://www.stats.gov.cn/zwfwck/sjfb/202508/t20250815_1960781.html,2026-09-27T23:16:54+08:00
2025-07,扬州,三线,新房,99.2,-0.8,94.0,-6.0,https://www.stats.gov.cn/zwfwck/sjfb/202508/t20250815_1960781.html,2026-09-27T23:16:54+08:00
2025-07,无锡,三线,新房,99.8,-0.2,96.0,-4.0,https://www.stats.gov.cn/zwfwck/sjfb/202508/t20250815_1960781.html,2026-09-27T23:16:54+08:00
2025-07,昆明,二线,新房,99.8,-0.2,93.1,-6.9,https://www.stats.gov.cn/zwfwck/sjfb/202508/t20250815_1960781.html,2026-09-27T23:16:54+08:00
2025-07,杭州,二线,新房,99.7,-0.3,102.1,2.1,https://www.stats.gov.cn/zwfwck/sjfb/202508/t20250815_1960781.html,2026-09-27T23:16:54+08:00
2025-07,桂林,三线,新房,99.5,-0.5,96.7,-3.3,https://www.stats.gov.cn/zwfwck/sjfb/202508/t20250815_1960781.html,2026-09-27T23:16:54+08:00
2025-07,武汉,二线,新房,99.3,-0.7,96.4,-3.6,https://www.stats.gov.cn/zwfwck/sjfb/202508/t20250815_1960781.html,2026-09-27T23:16:54+08:00
2025-07,沈阳,二线,新房,99.8,-0.2,98.9,-1.1,https://www.stats.gov.cn/zwfwck/sjfb/202508/t20250815_1960781.html,2026-09-27T23:16:54+08:00
2025-07,泉州,三线,新房,99.4,-0.6,95.5,-4.5,https://www.stats.gov.cn/zwfwck/sjfb/202508/t20250815_1960781.html,2026-09-27T23:16:54+08:00
2025-07,泸州,三线,新房,99.6,-0.4,94.0,-6.0,https://www.stats.gov.cn/zwfwck/sjfb/202508/t20250815_1960781.html,2026-09-27T23:16:54+08:00
2025-07,洛阳,三线,新房,99.7,-0.3,95.7,-4.3,https://www.stats.gov.cn/zwfwck/sjfb/202508/t20250815_1960781.html,2026-09-27T23:16:54+08:00
2025-07,济南,二线,新房,99.7,-0.3,96.0,-4.0,https://www.stats.gov.cn/zwfwck/sjfb/202508/t20250815_1960781.html,2026-09-27T23:16:54+08:00
2025-07,济宁,三线,新房,99.8,-0.2,96.3,-3.7,https://www.stats.gov.cn/zwfwck/sjfb/202508/t20250815_1960781.html,2026-09-27T23:16:54+08:00
2025-07,海口,二线,新房,99.2,-0.8,94.9,-5.1,https://www.stats.gov.cn/zwfwck/sjfb/202508/t20250815_1960781.html,2026-09-27T23:16:54+08:00
2025-07,深圳,一线,新房,99.4,-0.6,97.8,-2.2,https://www.stats.gov.cn/zwfwck/sjfb/202508/t20250815_1960781.html,2026-09-27T23:16:54+08:00
2025-07,温州,三线,新房,99.9,-0.1,94.3,-5.7,https://www.stats.gov.cn/zwfwck/sjfb/202508/t20250815_1960781.html,2026-09-27T23:16:54+08:00
2025-07,湛江,三线,新房,99.8,-0.2,97.9,-2.1,https://www.stats.gov.cn/zwfwck/sjfb/202508/t20250815_1960781.html,2026-09-27T23:16:54+08:00
2025-07,烟台,三线,新房,99.7,-0.3,95.6,-4.4,https://www.stats.gov.cn/zwfwck/sjfb/202508/t20250815_1960781.html,2026-09-27T23:16:54+08:00
2025-07,牡丹江,三线,新房,99.9,-0.1,96.0,-4.0,https://www.stats.gov.cn/zwfwck/sjfb/202508/t20250815_1960781.html,2026-09-27T23:16:54+08:00
2025-07,石家庄,二线,新房,99.6,-0.4,96.9,-3.1,https://www.stats.gov.cn/zwfwck/sjfb/202508/t20250815_1960781.html,2026-09-27T23:16:54+08:00
2025-07,福州,二线,新房,99.5,-0.5,95.2,-4.8,https://www.stats.gov.cn/zwfwck/sjfb/202508/t20250815_1960781.html,2026-09-27T23:16:54+08:00
2025-07,秦皇岛,三线,新房,99.5,-0.5,94.4,-5.6,https://www.stats.gov.cn/zwfwck/sjfb/202508/t20250815_1960781.html,2026-09-27T23:16:54+08:00
2025-07,蚌埠,三线,新房,99.7,-0.3,95.0,-5.0,https://www.stats.gov.cn/zwfwck/sjfb/202508/t20250815_1960781.html,2026-09-27T23:16:54+08:00
2025-07,襄阳,三线,新房,99.3,-0.7,95.3,-4.7,https://www.stats.gov.cn/zwfwck/sjfb/202508/t20250815_1960781.html,2026-09-27T23:16:54+08:00
2025-07,西宁,二线,新房,99.7,-0.3,95.6,-4.4,https://www.stats.gov.cn/zwfwck/sjfb/202508/t20250815_1960781.html,2026-09-27T23:16:54+08:00
2025-07,西安,二线,新房,99.7,-0.3,95.8,-4.2,https://www.stats.gov.cn/zwfwck/sjfb/202508/t20250815_1960781.html,2026-09-27T23:16:54+08:00
2025-07,贵阳,二线,新房,99.5,-0.5,96.2,-3.8,https://www.stats.gov.cn/zwfwck/sjfb/202508/t20250815_1960781.html,2026-09-27T23:16:54+08:00
2025-07,赣州,三线,新房,99.6,-0.4,97.7,-2.3,https://www.stats.gov.cn/zwfwck/sjfb/202508/t20250815_1960781.html,2026-09-27T23:16:54+08:00
2025-07,遵义,三线,新房,99.9,-0.1,97.1,-2.9,https://www.stats.gov.cn/zwfwck/sjfb/202508/t20250815_1960781.html,2026-09-27T23:16:54+08:00
2025-07,郑州,二线,新房,99.4,-0.6,96.4,-3.6,https://www.stats.gov.cn/zwfwck/sjfb/202508/t20250815_1960781.html,2026-09-27T23:16:54+08:00
2025-07,重庆,二线,新房,99.5,-0.5,97.9,-2.1,https://www.stats.gov.cn/zwfwck/sjfb/202508/t20250815_1960781.html,2026-09-27T23:16:54+08:00
2025-07,金华,三线,新房,99.7,-0.3,94.6,-5.4,https://www.stats.gov.cn/zwfwck/sjfb/202508/t20250815_1960781.html,2026-09-27T23:16:54+08:00
2025-07,银川,二线,新房,99.5,-0.5,96.8,-3.2,https://www.stats.gov.cn/zwfwck/sjfb/202508/t20250815_1960781.html,2026-09-27T23:16:54+08:00
2025-07,锦州,三线,新房,99.7,-0.3,96.1,-3.9,https://www.stats.gov.cn/zwfwck/sjfb/202508/t20250815_1960781.html,2026-09-27T23:16:54+08:00
2025-07,长春,二线,新房,100.1,0.1,96.1,-3.9,https://www.stats.gov.cn/zwfwck/sjfb/202508/t20250815_1960781.html,2026-09-27T23:16:54+08:00
2025-07,长沙,二线,新房,99.6,-0.4,97.3,-2.7,https://www.stats.gov.cn/zwfwck/sjfb/202508/t20250815_1960781.html,2026-09-27T23:16:54+08:00
2025-07,青岛,二线,新房,99.6,-0.4,98.2,-1.8,https://www.stats.gov.cn/zwfwck/sjfb/202508/t20250815_1960781.html,2026-09-27T23:16:54+08:00
2025-07,韶关,三线,新房,99.9,-0.1,95.8,-4.2,https://www.stats.gov.cn/zwfwck/sjfb/202508/t20250815_1960781.html,2026-09-27T23:16:54+08:00
2025-08,三亚,三线,二手,99.6,-0.4,93.3,-6.7,https://www.stats.gov.cn/xxgk/sjfb/zxfb2020/202509/t20250915_1961175.html,2026-09-27T23:16:54+08:00
2025-08,上海,一线,二手,99.0,-1.0,97.4,-2.6,https://www.stats.gov.cn/xxgk/sjfb/zxfb2020/202509/t20250915_1961175.html,2026-09-27T23:16:54+08:00
2025-08,丹东,三线,二手,99.4,-0.6,93.5,-6.5,https://www.stats.gov.cn/xxgk/sjfb/zxfb2020/202509/t20250915_1961175.html,2026-09-27T23:16:54+08:00
2025-08,乌鲁木齐,二线,二手,99.8,-0.2,95.3,-4.7,https://www.stats.gov.cn/xxgk/sjfb/zxfb2020/202509/t20250915_1961175.html,2026-09-27T23:16:54+08:00
2025-08,九江,三线,二手,99.9,-0.1,94.5,-5.5,https://www.stats.gov.cn/xxgk/sjfb/zxfb2020/202509/t20250915_1961175.html,2026-09-27T23:16:54+08:00
2025-08,兰州,二线,二手,99.4,-0.6,94.5,-5.5,https://www.stats.gov.cn/xxgk/sjfb/zxfb2020/202509/t20250915_1961175.html,2026-09-27T23:16:54+08:00
2025-08,包头,三线,二手,99.2,-0.8,92.1,-7.9,https://www.stats.gov.cn/xxgk/sjfb/zxfb2020/202509/t20250915_1961175.html,2026-09-27T23:16:54+08:00
2025-08,北京,一线,二手,98.8,-1.2,96.9,-3.1,https://www.stats.gov.cn/xxgk/sjfb/zxfb2020/202509/t20250915_1961175.html,2026-09-27T23:16:54+08:00
2025-08,北海,三线,二手,99.6,-0.4,94.4,-5.6,https://www.stats.gov.cn/xxgk/sjfb/zxfb2020/202509/t20250915_1961175.html,2026-09-27T23:16:54+08:00
2025-08,南京,二线,二手,99.3,-0.7,93.8,-6.2,https://www.stats.gov.cn/xxgk/sjfb/zxfb2020/202509/t20250915_1961175.html,2026-09-27T23:16:54+08:00
2025-08,南充,三线,二手,99.4,-0.6,96.6,-3.4,https://www.stats.gov.cn/xxgk/sjfb/zxfb2020/202509/t20250915_1961175.html,2026-09-27T23:16:54+08:00
2025-08,南宁,二线,二手,99.6,-0.4,93.6,-6.4,https://www.stats.gov.cn/xxgk/sjfb/zxfb2020/202509/t20250915_1961175.html,2026-09-27T23:16:54+08:00
2025-08,南昌,二线,二手,99.1,-0.9,93.5,-6.5,https://www.stats.gov.cn/xxgk/sjfb/zxfb2020/202509/t20250915_1961175.html,2026-09-27T23:16:54+08:00
2025-08,厦门,二线,二手,99.1,-0.9,95.4,-4.6,https://www.stats.gov.cn/xxgk/sjfb/zxfb2020/202509/t20250915_1961175.html,2026-09-27T23:16:54+08:00
2025-08,合肥,二线,二手,99.1,-0.9,92.8,-7.2,https://www.stats.gov.cn/xxgk/sjfb/zxfb2020/202509/t20250915_1961175.html,2026-09-27T23:16:54+08:00
2025-08,吉林,三线,二手,99.6,-0.4,95.1,-4.9,https://www.stats.gov.cn/xxgk/sjfb/zxfb2020/202509/t20250915_1961175.html,2026-09-27T23:16:54+08:00
2025-08,呼和浩特,二线,二手,99.7,-0.3,91.9,-8.1,https://www.stats.gov.cn/xxgk/sjfb/zxfb2020/202509/t20250915_1961175.html,2026-09-27T23:16:54+08:00
2025-08,哈尔滨,二线,二手,99.6,-0.4,93.7,-6.3,https://www.stats.gov.cn/xxgk/sjfb/zxfb2020/202509/t20250915_1961175.html,2026-09-27T23:16:54+08:00
2025-08,唐山,三线,二手,99.4,-0.6,91.0,-9.0,https://www.stats.gov.cn/xxgk/sjfb/zxfb2020/202509/t20250915_1961175.html,2026-09-27T23:16:54+08:00
2025-08,大理,三线,二手,99.3,-0.7,95.1,-4.9,https://www.stats.gov.cn/xxgk/sjfb/zxfb2020/202509/t20250915_1961175.html,2026-09-27T23:16:54+08:00
2025-08,大连,二线,二手,99.4,-0.6,93.9,-6.1,https://www.stats.gov.cn/xxgk/sjfb/zxfb2020/202509/t20250915_1961175.html,2026-09-27T23:16:54+08:00
2025-08,天津,二线,二手,99.6,-0.4,97.0,-3.0,https://www.stats.gov.cn/xxgk/sjfb/zxfb2020/202509/t20250915_1961175.html,2026-09-27T23:16:54+08:00
2025-08,太原,二线,二手,99.8,-0.2,95.7,-4.3,https://www.stats.gov.cn/xxgk/sjfb/zxfb2020/202509/t20250915_1961175.html,2026-09-27T23:16:54+08:00
2025-08,宁波,二线,二手,99.1,-0.9,94.9,-5.1,https://www.stats.gov.cn/xxgk/sjfb/zxfb2020/202509/t20250915_1961175.html,2026-09-27T23:16:54+08:00
2025-08,安庆,三线,二手,99.2,-0.8,93.0,-7.0,https://www.stats.gov.cn/xxgk/sjfb/zxfb2020/202509/t20250915_1961175.html,2026-09-27T23:16:54+08:00
2025-08,宜昌,三线,二手,99.6,-0.4,94.9,-5.1,https://www.stats.gov.cn/xxgk/sjfb/zxfb2020/202509/t20250915_1961175.html,2026-09-27T23:16:54+08:00
2025-08,岳阳,三线,二手,99.5,-0.5,94.7,-5.3,https://www.stats.gov.cn/xxgk/sjfb/zxfb2020/202509/t20250915_1961175.html,2026-09-27T23:16:54+08:00
2025-08,常德,三线,二手,99.0,-1.0,91.8,-8.2,https://www.stats.gov.cn/xxgk/sjfb/zxfb2020/202509/t20250915_1961175.html,2026-09-27T23:16:54+08:00
2025-08,平顶山,三线,二手,99.5,-0.5,95.7,-4.3,https://www.stats.gov.cn/xxgk/sjfb/zxfb2020/202509/t20250915_1961175.html,2026-09-27T23:16:54+08:00
2025-08,广州,一线,二手,99.1,-0.9,93.8,-6.2,https://www.stats.gov.cn/xxgk/sjfb/zxfb2020/202509/t20250915_1961175.html,2026-09-27T23:16:54+08:00
2025-08,徐州,三线,二手,99.5,-0.5,92.6,-7.4,https://www.stats.gov.cn/xxgk/sjfb/zxfb2020/202509/t20250915_1961175.html,2026-09-27T23:16:54+08:00
2025-08,惠州,三线,二手,99.2,-0.8,92.8,-7.2,https://www.stats.gov.cn/xxgk/sjfb/zxfb2020/202509/t20250915_1961175.html,2026-09-27T23:16:54+08:00
2025-08,成都,二线,二手,99.3,-0.7,99.6,-0.4,https://www.stats.gov.cn/xxgk/sjfb/zxfb2020/202509/t20250915_1961175.html,2026-09-27T23:16:54+08:00
2025-08,扬州,三线,二手,99.7,-0.3,92.8,-7.2,https://www.stats.gov.cn/xxgk/sjfb/zxfb2020/202509/t20250915_1961175.html,2026-09-27T23:16:54+08:00
2025-08,无锡,三线,二手,99.2,-0.8,95.3,-4.7,https://www.stats.gov.cn/xxgk/sjfb/zxfb2020/202509/t20250915_1961175.html,2026-09-27T23:16:54+08:00
2025-08,昆明,二线,二手,99.5,-0.5,92.6,-7.4,https://www.stats.gov.cn/xxgk/sjfb/zxfb2020/202509/t20250915_1961175.html,2026-09-27T23:16:54+08:00
2025-08,杭州,二线,二手,99.9,-0.1,97.9,-2.1,https://www.stats.gov.cn/xxgk/sjfb/zxfb2020/202509/t20250915_1961175.html,2026-09-27T23:16:54+08:00
2025-08,桂林,三线,二手,99.5,-0.5,94.8,-5.2,https://www.stats.gov.cn/xxgk/sjfb/zxfb2020/202509/t20250915_1961175.html,2026-09-27T23:16:54+08:00
2025-08,武汉,二线,二手,99.1,-0.9,94.2,-5.8,https://www.stats.gov.cn/xxgk/sjfb/zxfb2020/202509/t20250915_1961175.html,2026-09-27T23:16:54+08:00
2025-08,沈阳,二线,二手,99.6,-0.4,95.7,-4.3,https://www.stats.gov.cn/xxgk/sjfb/zxfb2020/202509/t20250915_1961175.html,2026-09-27T23:16:54+08:00
2025-08,泉州,三线,二手,99.7,-0.3,93.4,-6.6,https://www.stats.gov.cn/xxgk/sjfb/zxfb2020/202509/t20250915_1961175.html,2026-09-27T23:16:54+08:00
2025-08,泸州,三线,二手,99.1,-0.9,93.8,-6.2,https://www.stats.gov.cn/xxgk/sjfb/zxfb2020/202509/t20250915_1961175.html,2026-09-27T23:16:54+08:00
2025-08,洛阳,三线,二手,99.4,-0.6,95.2,-4.8,https://www.stats.gov.cn/xxgk/sjfb/zxfb2020/202509/t20250915_1961175.html,2026-09-27T23:16:54+08:00
2025-08,济南,二线,二手,99.4,-0.6,95.3,-4.7,https://www.stats.gov.cn/xxgk/sjfb/zxfb2020/202509/t20250915_1961175.html,2026-09-27T23:16:54+08:00
2025-08,济宁,三线,二手,99.1,-0.9,94.6,-5.4,https://www.stats.gov.cn/xxgk/sjfb/zxfb2020/202509/t20250915_1961175.html,2026-09-27T23:16:54+08:00
2025-08,海口,二线,二手,99.3,-0.7,96.8,-3.2,https://www.stats.gov.cn/xxgk/sjfb/zxfb2020/202509/t20250915_1961175.html,2026-09-27T23:16:54+08:00
2025-08,深圳,一线,二手,99.2,-0.8,98.1,-1.9,https://www.stats.gov.cn/xxgk/sjfb/zxfb2020/202509/t20250915_1961175.html,2026-09-27T23:16:54+08:00
2025-08,温州,三线,二手,99.5,-0.5,93.0,-7.0,https://www.stats.gov.cn/xxgk/sjfb/zxfb2020/202509/t20250915_1961175.html,2026-09-27T23:16:54+08:00
2025-08,湛江,三线,二手,99.5,-0.5,94.7,-5.3,https://www.stats.gov.cn/xxgk/sjfb/zxfb2020/202509/t20250915_1961175.html,2026-09-27T23:16:54+08:00
2025-08,烟台,三线,二手,99.2,-0.8,93.3,-6.7,https://www.stats.gov.cn/xxgk/sjfb/zxfb2020/202509/t20250915_1961175.html,2026-09-27T23:16:54+08:00
2025-08,牡丹江,三线,二手,99.9,-0.1,94.8,-5.2,https://www.stats.gov.cn/xxgk/sjfb/zxfb2020/202509/t20250915_1961175.html,2026-09-27T23:16:54+08:00
2025-08,石家庄,二线,二手,99.4,-0.6,94.9,-5.1,https://www.stats.gov.cn/xxgk/sjfb/zxfb2020/202509/t20250915_1961175.html,2026-09-27T23:16:54+08:00
2025-08,福州,二线,二手,99.5,-0.5,94.3,-5.7,https://www.stats.gov.cn/xxgk/sjfb/zxfb2020/202509/t20250915_1961175.html,2026-09-27T23:16:54+08:00
2025-08,秦皇岛,三线,二手,99.5,-0.5,91.3,-8.7,https://www.stats.gov.cn/xxgk/sjfb/zxfb2020/202509/t20250915_1961175.html,2026-09-27T23:16:54+08:00
2025-08,蚌埠,三线,二手,99.3,-0.7,95.4,-4.6,https://www.stats.gov.cn/xxgk/sjfb/zxfb2020/202509/t20250915_1961175.html,2026-09-27T23:16:54+08:00
2025-08,襄阳,三线,二手,99.6,-0.4,92.4,-7.6,https://www.stats.gov.cn/xxgk/sjfb/zxfb2020/202509/t20250915_1961175.html,2026-09-27T23:16:54+08:00
2025-08,西宁,二线,二手,99.8,-0.2,96.3,-3.7,https://www.stats.gov.cn/xxgk/sjfb/zxfb2020/202509/t20250915_1961175.html,2026-09-27T23:16:54+08:00
2025-08,西安,二线,二手,98.9,-1.1,93.0,-7.0,https://www.stats.gov.cn/xxgk/sjfb/zxfb2020/202509/t20250915_1961175.html,2026-09-27T23:16:54+08:00
2025-08,贵阳,二线,二手,99.6,-0.4,95.3,-4.7,https://www.stats.gov.cn/xxgk/sjfb/zxfb2020/202509/t20250915_1961175.html,2026-09-27T23:16:54+08:00
2025-08,赣州,三线,二手,99.1,-0.9,97.0,-3.0,https://www.stats.gov.cn/xxgk/sjfb/zxfb2020/202509/t20250915_1961175.html,2026-09-27T23:16:54+08:00
2025-08,遵义,三线,二手,99.8,-0.2,94.7,-5.3,https://www.stats.gov.cn/xxgk/sjfb/zxfb2020/202509/t20250915_1961175.html,2026-09-27T23:16:54+08:00
2025-08,郑州,二线,二手,99.1,-0.9,91.7,-8.3,https://www.stats.gov.cn/xxgk/sjfb/zxfb2020/202509/t20250915_1961175.html,2026-09-27T23:16:54+08:00
2025-08,重庆,二线,二手,99.2,-0.8,96.4,-3.6,https://www.stats.gov.cn/xxgk/sjfb/zxfb2020/202509/t20250915_1961175.html,2026-09-27T23:16:54+08:00
2025-08,金华,三线,二手,99.6,-0.4,93.9,-6.1,https://www.stats.gov.cn/xxgk/sjfb/zxfb2020/202509/t20250915_1961175.html,2026-09-27T23:16:54+08:00
2025-08,银川,二线,二手,99.5,-0.5,95.4,-4.6,https://www.stats.gov.cn/xxgk/sjfb/zxfb2020/202509/t20250915_1961175.html,2026-09-27T23:16:54+08:00
2025-08,锦州,三线,二手,99.7,-0.3,93.3,-6.7,https://www.stats.gov.cn/xxgk/sjfb/zxfb2020/202509/t20250915_1961175.html,2026-09-27T23:16:54+08:00
2025-08,长春,二线,二手,100.1,0.1,94.5,-5.5,https://www.stats.gov.cn/xxgk/sjfb/zxfb2020/202509/t20250915_1961175.html,2026-09-27T23:16:54+08:00
2025-08,长沙,二线,二手,99.2,-0.8,93.3,-6.7,https://www.stats.gov.cn/xxgk/sjfb/zxfb2020/202509/t20250915_1961175.html,2026-09-27T23:16:54+08:00
2025-08,青岛,二线,二手,99.0,-1.0,95.0,-5.0,https://www.stats.gov.cn/xxgk/sjfb/zxfb2020/202509/t20250915_1961175.html,2026-09-27T23:16:54+08:00
2025-08,韶关,三线,二手,99.7,-0.3,94.8,-5.2,https://www.stats.gov.cn/xxgk/sjfb/zxfb2020/202509/t20250915_1961175.html,2026-09-27T23:16:54+08:00
2025-08,三亚,三线,新房,99.7,-0.3,99.2,-0.8,https://www.stats.gov.cn/xxgk/sjfb/zxfb2020/202509/t20250915_1961175.html,2026-09-27T23:16:54+08:00
2025-08,上海,一线,新房,100.4,0.4,105.9,5.9,https://www.stats.gov.cn/xxgk/sjfb/zxfb2020/202509/t20250915_1961175.html,2026-09-27T23:16:54+08:00
2025-08,丹东,三线,新房,99.6,-0.4,95.7,-4.3,https://www.stats.gov.cn/xxgk/sjfb/zxfb2020/202509/t20250915_1961175.html,2026-09-27T23:16:54+08:00
2025-08,乌鲁木齐,二线,新房,100.1,0.1,100.6,0.6,https://www.stats.gov.cn/xxgk/sjfb/zxfb2020/202509/t20250915_1961175.html,2026-09-27T23:16:54+08:00
2025-08,九江,三线,新房,99.8,-0.2,97.1,-2.9,https://www.stats.gov.cn/xxgk/sjfb/zxfb2020/202509/t20250915_1961175.html,2026-09-27T23:16:54+08:00
2025-08,兰州,二线,新房,99.6,-0.4,95.9,-4.1,https://www.stats.gov.cn/xxgk/sjfb/zxfb2020/202509/t20250915_1961175.html,2026-09-27T23:16:54+08:00
2025-08,包头,三线,新房,99.1,-0.9,94.2,-5.8,https://www.stats.gov.cn/xxgk/sjfb/zxfb2020/202509/t20250915_1961175.html,2026-09-27T23:16:54+08:00
2025-08,北京,一线,新房,99.6,-0.4,96.5,-3.5,https://www.stats.gov.cn/xxgk/sjfb/zxfb2020/202509/t20250915_1961175.html,2026-09-27T23:16:54+08:00
2025-08,北海,三线,新房,99.5,-0.5,94.0,-6.0,https://www.stats.gov.cn/xxgk/sjfb/zxfb2020/202509/t20250915_1961175.html,2026-09-27T23:16:54+08:00
2025-08,南京,二线,新房,99.4,-0.6,98.7,-1.3,https://www.stats.gov.cn/xxgk/sjfb/zxfb2020/202509/t20250915_1961175.html,2026-09-27T23:16:54+08:00
2025-08,南充,三线,新房,99.7,-0.3,97.7,-2.3,https://www.stats.gov.cn/xxgk/sjfb/zxfb2020/202509/t20250915_1961175.html,2026-09-27T23:16:54+08:00
2025-08,南宁,二线,新房,100.3,0.3,99.5,-0.5,https://www.stats.gov.cn/xxgk/sjfb/zxfb2020/202509/t20250915_1961175.html,2026-09-27T23:16:54+08:00
2025-08,南昌,二线,新房,99.7,-0.3,95.2,-4.8,https://www.stats.gov.cn/xxgk/sjfb/zxfb2020/202509/t20250915_1961175.html,2026-09-27T23:16:54+08:00
2025-08,厦门,二线,新房,99.5,-0.5,98.7,-1.3,https://www.stats.gov.cn/xxgk/sjfb/zxfb2020/202509/t20250915_1961175.html,2026-09-27T23:16:54+08:00
2025-08,合肥,二线,新房,100.2,0.2,99.2,-0.8,https://www.stats.gov.cn/xxgk/sjfb/zxfb2020/202509/t20250915_1961175.html,2026-09-27T23:16:54+08:00
2025-08,吉林,三线,新房,100.2,0.2,96.1,-3.9,https://www.stats.gov.cn/xxgk/sjfb/zxfb2020/202509/t20250915_1961175.html,2026-09-27T23:16:54+08:00
2025-08,呼和浩特,二线,新房,99.8,-0.2,94.5,-5.5,https://www.stats.gov.cn/xxgk/sjfb/zxfb2020/202509/t20250915_1961175.html,2026-09-27T23:16:54+08:00
2025-08,哈尔滨,二线,新房,99.6,-0.4,96.4,-3.6,https://www.stats.gov.cn/xxgk/sjfb/zxfb2020/202509/t20250915_1961175.html,2026-09-27T23:16:54+08:00
2025-08,唐山,三线,新房,99.4,-0.6,93.8,-6.2,https://www.stats.gov.cn/xxgk/sjfb/zxfb2020/202509/t20250915_1961175.html,2026-09-27T23:16:54+08:00
2025-08,大理,三线,新房,99.4,-0.6,95.8,-4.2,https://www.stats.gov.cn/xxgk/sjfb/zxfb2020/202509/t20250915_1961175.html,2026-09-27T23:16:54+08:00
2025-08,大连,二线,新房,99.7,-0.3,97.2,-2.8,https://www.stats.gov.cn/xxgk/sjfb/zxfb2020/202509/t20250915_1961175.html,2026-09-27T23:16:54+08:00
2025-08,天津,二线,新房,99.5,-0.5,98.2,-1.8,https://www.stats.gov.cn/xxgk/sjfb/zxfb2020/202509/t20250915_1961175.html,2026-09-27T23:16:54+08:00
2025-08,太原,二线,新房,99.7,-0.3,101.0,1.0,https://www.stats.gov.cn/xxgk/sjfb/zxfb2020/202509/t20250915_1961175.html,2026-09-27T23:16:54+08:00
2025-08,宁波,二线,新房,99.6,-0.4,99.3,-0.7,https://www.stats.gov.cn/xxgk/sjfb/zxfb2020/202509/t20250915_1961175.html,2026-09-27T23:16:54+08:00
2025-08,安庆,三线,新房,99.8,-0.2,96.3,-3.7,https://www.stats.gov.cn/xxgk/sjfb/zxfb2020/202509/t20250915_1961175.html,2026-09-27T23:16:54+08:00
2025-08,宜昌,三线,新房,100.4,0.4,99.7,-0.3,https://www.stats.gov.cn/xxgk/sjfb/zxfb2020/202509/t20250915_1961175.html,2026-09-27T23:16:54+08:00
2025-08,岳阳,三线,新房,99.6,-0.4,95.4,-4.6,https://www.stats.gov.cn/xxgk/sjfb/zxfb2020/202509/t20250915_1961175.html,2026-09-27T23:16:54+08:00
2025-08,常德,三线,新房,99.6,-0.4,96.1,-3.9,https://www.stats.gov.cn/xxgk/sjfb/zxfb2020/202509/t20250915_1961175.html,2026-09-27T23:16:54+08:00
2025-08,平顶山,三线,新房,100.0,0.0,99.3,-0.7,https://www.stats.gov.cn/xxgk/sjfb/zxfb2020/202509/t20250915_1961175.html,2026-09-27T23:16:54+08:00
2025-08,广州,一线,新房,99.8,-0.2,95.7,-4.3,https://www.stats.gov.cn/xxgk/sjfb/zxfb2020/202509/t20250915_1961175.html,2026-09-27T23:16:54+08:00
2025-08,徐州,三线,新房,99.8,-0.2,95.9,-4.1,https://www.stats.gov.cn/xxgk/sjfb/zxfb2020/202509/t20250915_1961175.html,2026-09-27T23:16:54+08:00
2025-08,惠州,三线,新房,99.1,-0.9,96.7,-3.3,https://www.stats.gov.cn/xxgk/sjfb/zxfb2020/202509/t20250915_1961175.html,2026-09-27T23:16:54+08:00
2025-08,成都,二线,新房,99.8,-0.2,101.0,1.0,https://www.stats.gov.cn/xxgk/sjfb/zxfb2020/202509/t20250915_1961175.html,2026-09-27T23:16:54+08:00
2025-08,扬州,三线,新房,99.3,-0.7,94.1,-5.9,https://www.stats.gov.cn/xxgk/sjfb/zxfb2020/202509/t20250915_1961175.html,2026-09-27T23:16:54+08:00
2025-08,无锡,三线,新房,99.5,-0.5,96.2,-3.8,https://www.stats.gov.cn/xxgk/sjfb/zxfb2020/202509/t20250915_1961175.html,2026-09-27T23:16:54+08:00
2025-08,昆明,二线,新房,99.7,-0.3,94.6,-5.4,https://www.stats.gov.cn/xxgk/sjfb/zxfb2020/202509/t20250915_1961175.html,2026-09-27T23:16:54+08:00
2025-08,杭州,二线,新房,100.4,0.4,102.6,2.6,https://www.stats.gov.cn/xxgk/sjfb/zxfb2020/202509/t20250915_1961175.html,2026-09-27T23:16:54+08:00
2025-08,桂林,三线,新房,99.8,-0.2,97.0,-3.0,https://www.stats.gov.cn/xxgk/sjfb/zxfb2020/202509/t20250915_1961175.html,2026-09-27T23:16:54+08:00
2025-08,武汉,二线,新房,99.5,-0.5,96.7,-3.3,https://www.stats.gov.cn/xxgk/sjfb/zxfb2020/202509/t20250915_1961175.html,2026-09-27T23:16:54+08:00
2025-08,沈阳,二线,新房,100.2,0.2,99.8,-0.2,https://www.stats.gov.cn/xxgk/sjfb/zxfb2020/202509/t20250915_1961175.html,2026-09-27T23:16:54+08:00
2025-08,泉州,三线,新房,99.7,-0.3,97.1,-2.9,https://www.stats.gov.cn/xxgk/sjfb/zxfb2020/202509/t20250915_1961175.html,2026-09-27T23:16:54+08:00
2025-08,泸州,三线,新房,99.5,-0.5,94.1,-5.9,https://www.stats.gov.cn/xxgk/sjfb/zxfb2020/202509/t20250915_1961175.html,2026-09-27T23:16:54+08:00
2025-08,洛阳,三线,新房,99.6,-0.4,96.0,-4.0,https://www.stats.gov.cn/xxgk/sjfb/zxfb2020/202509/t20250915_1961175.html,2026-09-27T23:16:54+08:00
2025-08,济南,二线,新房,99.4,-0.6,96.3,-3.7,https://www.stats.gov.cn/xxgk/sjfb/zxfb2020/202509/t20250915_1961175.html,2026-09-27T23:16:54+08:00
2025-08,济宁,三线,新房,99.5,-0.5,96.4,-3.6,https://www.stats.gov.cn/xxgk/sjfb/zxfb2020/202509/t20250915_1961175.html,2026-09-27T23:16:54+08:00
2025-08,海口,二线,新房,100.0,0.0,95.5,-4.5,https://www.stats.gov.cn/xxgk/sjfb/zxfb2020/202509/t20250915_1961175.html,2026-09-27T23:16:54+08:00
2025-08,深圳,一线,新房,99.6,-0.4,98.3,-1.7,https://www.stats.gov.cn/xxgk/sjfb/zxfb2020/202509/t20250915_1961175.html,2026-09-27T23:16:54+08:00
2025-08,温州,三线,新房,99.6,-0.4,95.6,-4.4,https://www.stats.gov.cn/xxgk/sjfb/zxfb2020/202509/t20250915_1961175.html,2026-09-27T23:16:54+08:00
2025-08,湛江,三线,新房,99.4,-0.6,97.7,-2.3,https://www.stats.gov.cn/xxgk/sjfb/zxfb2020/202509/t20250915_1961175.html,2026-09-27T23:16:54+08:00
2025-08,烟台,三线,新房,99.6,-0.4,95.7,-4.3,https://www.stats.gov.cn/xxgk/sjfb/zxfb2020/202509/t20250915_1961175.html,2026-09-27T23:16:54+08:00
2025-08,牡丹江,三线,新房,99.8,-0.2,96.4,-3.6,https://www.stats.gov.cn/xxgk/sjfb/zxfb2020/202509/t20250915_1961175.html,2026-09-27T23:16:54+08:00
2025-08,石家庄,二线,新房,99.5,-0.5,96.7,-3.3,https://www.stats.gov.cn/xxgk/sjfb/zxfb2020/202509/t20250915_1961175.html,2026-09-27T23:16:54+08:00
2025-08,福州,二线,新房,100.0,0.0,97.0,-3.0,https://www.stats.gov.cn/xxgk/sjfb/zxfb2020/202509/t20250915_1961175.html,2026-09-27T23:16:54+08:00
2025-08,秦皇岛,三线,新房,99.6,-0.4,94.7,-5.3,https://www.stats.gov.cn/xxgk/sjfb/zxfb2020/202509/t20250915_1961175.html,2026-09-27T23:16:54+08:00
2025-08,蚌埠,三线,新房,99.7,-0.3,95.5,-4.5,https://www.stats.gov.cn/xxgk/sjfb/zxfb2020/202509/t20250915_1961175.html,2026-09-27T23:16:54+08:00
2025-08,襄阳,三线,新房,100.0,0.0,95.9,-4.1,https://www.stats.gov.cn/xxgk/sjfb/zxfb2020/202509/t20250915_1961175.html,2026-09-27T23:16:54+08:00
2025-08,西宁,二线,新房,100.1,0.1,96.2,-3.8,https://www.stats.gov.cn/xxgk/sjfb/zxfb2020/202509/t20250915_1961175.html,2026-09-27T23:16:54+08:00
2025-08,西安,二线,新房,99.4,-0.6,95.3,-4.7,https://www.stats.gov.cn/xxgk/sjfb/zxfb2020/202509/t20250915_1961175.html,2026-09-27T23:16:54+08:00
2025-08,贵阳,二线,新房,99.4,-0.6,96.3,-3.7,https://www.stats.gov.cn/xxgk/sjfb/zxfb2020/202509/t20250915_1961175.html,2026-09-27T23:16:54+08:00
2025-08,赣州,三线,新房,99.5,-0.5,98.5,-1.5,https://www.stats.gov.cn/xxgk/sjfb/zxfb2020/202509/t20250915_1961175.html,2026-09-27T23:16:54+08:00
2025-08,遵义,三线,新房,99.5,-0.5,97.0,-3.0,https://www.stats.gov.cn/xxgk/sjfb/zxfb2020/202509/t20250915_1961175.html,2026-09-27T23:16:54+08:00
2025-08,郑州,二线,新房,99.6,-0.4,96.5,-3.5,https://www.stats.gov.cn/xxgk/sjfb/zxfb2020/202509/t20250915_1961175.html,2026-09-27T23:16:54+08:00
2025-08,重庆,二线,新房,99.3,-0.7,97.6,-2.4,https://www.stats.gov.cn/xxgk/sjfb/zxfb2020/202509/t20250915_1961175.html,2026-09-27T23:16:54+08:00
2025-08,金华,三线,新房,99.9,-0.1,96.2,-3.8,https://www.stats.gov.cn/xxgk/sjfb/zxfb2020/202509/t20250915_1961175.html,2026-09-27T23:16:54+08:00
2025-08,银川,二线,新房,99.8,-0.2,97.2,-2.8,https://www.stats.gov.cn/xxgk/sjfb/zxfb2020/202509/t20250915_1961175.html,2026-09-27T23:16:54+08:00
2025-08,锦州,三线,新房,99.8,-0.2,96.5,-3.5,https://www.stats.gov.cn/xxgk/sjfb/zxfb2020/202509/t20250915_1961175.html,2026-09-27T23:16:54+08:00
2025-08,长春,二线,新房,99.8,-0.2,96.5,-3.5,https://www.stats.gov.cn/xxgk/sjfb/zxfb2020/202509/t20250915_1961175.html,2026-09-27T23:16:54+08:00
2025-08,长沙,二线,新房,99.7,-0.3,98.1,-1.9,https://www.stats.gov.cn/xxgk/sjfb/zxfb2020/202509/t20250915_1961175.html,2026-09-27T23:16:54+08:00
2025-08,青岛,二线,新房,99.7,-0.3,98.5,-1.5,https://www.stats.gov.cn/xxgk/sjfb/zxfb2020/202509/t20250915_1961175.html,2026-09-27T23:16:54+08:00
2025-08,韶关,三线,新房,99.8,-0.2,96.6,-3.4,https://www.stats.gov.cn/xxgk/sjfb/zxfb2020/202509/t20250915_1961175.html,2026-09-27T23:16:54+08:00
2025-12,三亚,三线,二手,99.3,-0.7,93.3,-6.7,https://www.stats.gov.cn/zwfwck/sjfb/202601/t20260119_1962319.html,2026-09-27T23:16:55+08:00
2025-12,上海,一线,二手,99.4,-0.6,93.9,-6.1,https://www.stats.gov.cn/zwfwck/sjfb/202601/t20260119_1962319.html,2026-09-27T23:16:54+08:00
2025-12,丹东,三线,二手,99.7,-0.3,96.4,-3.6,https://www.stats.gov.cn/zwfwck/sjfb/202601/t20260119_1962319.html,2026-09-27T23:16:54+08:00
2025-12,乌鲁木齐,二线,二手,99.3,-0.7,95.5,-4.5,https://www.stats.gov.cn/zwfwck/sjfb/202601/t20260119_1962319.html,2026-09-27T23:16:55+08:00
2025-12,九江,三线,二手,99.2,-0.8,93.8,-6.2,https://www.stats.gov.cn/zwfwck/sjfb/202601/t20260119_1962319.html,2026-09-27T23:16:55+08:00
2025-12,兰州,二线,二手,99.4,-0.6,94.5,-5.5,https://www.stats.gov.cn/zwfwck/sjfb/202601/t20260119_1962319.html,2026-09-27T23:16:55+08:00
2025-12,包头,三线,二手,99.3,-0.7,92.4,-7.6,https://www.stats.gov.cn/zwfwck/sjfb/202601/t20260119_1962319.html,2026-09-27T23:16:54+08:00
2025-12,北京,一线,二手,98.7,-1.3,91.5,-8.5,https://www.stats.gov.cn/zwfwck/sjfb/202601/t20260119_1962319.html,2026-09-27T23:16:54+08:00
2025-12,北海,三线,二手,99.2,-0.8,93.8,-6.2,https://www.stats.gov.cn/zwfwck/sjfb/202601/t20260119_1962319.html,2026-09-27T23:16:55+08:00
2025-12,南京,二线,二手,98.8,-1.2,91.6,-8.4,https://www.stats.gov.cn/zwfwck/sjfb/202601/t20260119_1962319.html,2026-09-27T23:16:54+08:00
2025-12,南充,三线,二手,99.2,-0.8,95.7,-4.3,https://www.stats.gov.cn/zwfwck/sjfb/202601/t20260119_1962319.html,2026-09-27T23:16:55+08:00
2025-12,南宁,二线,二手,99.1,-0.9,93.8,-6.2,https://www.stats.gov.cn/zwfwck/sjfb/202601/t20260119_1962319.html,2026-09-27T23:16:55+08:00
2025-12,南昌,二线,二手,99.5,-0.5,93.4,-6.6,https://www.stats.gov.cn/zwfwck/sjfb/202601/t20260119_1962319.html,2026-09-27T23:16:55+08:00
2025-12,厦门,二线,二手,99.1,-0.9,92.4,-7.6,https://www.stats.gov.cn/zwfwck/sjfb/202601/t20260119_1962319.html,2026-09-27T23:16:55+08:00
2025-12,合肥,二线,二手,99.2,-0.8,92.7,-7.3,https://www.stats.gov.cn/zwfwck/sjfb/202601/t20260119_1962319.html,2026-09-27T23:16:55+08:00
2025-12,吉林,三线,二手,99.6,-0.4,95.1,-4.9,https://www.stats.gov.cn/zwfwck/sjfb/202601/t20260119_1962319.html,2026-09-27T23:16:54+08:00
2025-12,呼和浩特,二线,二手,99.4,-0.6,94.1,-5.9,https://www.stats.gov.cn/zwfwck/sjfb/202601/t20260119_1962319.html,2026-09-27T23:16:54+08:00
2025-12,哈尔滨,二线,二手,99.4,-0.6,94.5,-5.5,https://www.stats.gov.cn/zwfwck/sjfb/202601/t20260119_1962319.html,2026-09-27T23:16:54+08:00
2025-12,唐山,三线,二手,99.2,-0.8,91.7,-8.3,https://www.stats.gov.cn/zwfwck/sjfb/202601/t20260119_1962319.html,2026-09-27T23:16:54+08:00
2025-12,大理,三线,二手,99.3,-0.7,94.6,-5.4,https://www.stats.gov.cn/zwfwck/sjfb/202601/t20260119_1962319.html,2026-09-27T23:16:55+08:00
2025-12,大连,二线,二手,99.3,-0.7,94.6,-5.4,https://www.stats.gov.cn/zwfwck/sjfb/202601/t20260119_1962319.html,2026-09-27T23:16:54+08:00
2025-12,天津,二线,二手,99.1,-0.9,94.7,-5.3,https://www.stats.gov.cn/zwfwck/sjfb/202601/t20260119_1962319.html,2026-09-27T23:16:54+08:00
2025-12,太原,二线,二手,99.6,-0.4,95.2,-4.8,https://www.stats.gov.cn/zwfwck/sjfb/202601/t20260119_1962319.html,2026-09-27T23:16:54+08:00
2025-12,宁波,二线,二手,99.4,-0.6,93.6,-6.4,https://www.stats.gov.cn/zwfwck/sjfb/202601/t20260119_1962319.html,2026-09-27T23:16:54+08:00
2025-12,安庆,三线,二手,99.5,-0.5,93.4,-6.6,https://www.stats.gov.cn/zwfwck/sjfb/202601/t20260119_1962319.html,2026-09-27T23:16:55+08:00
2025-12,宜昌,三线,二手,99.5,-0.5,95.4,-4.6,https://www.stats.gov.cn/zwfwck/sjfb/202601/t20260119_1962319.html,2026-09-27T23:16:55+08:00
2025-12,岳阳,三线,二手,99.4,-0.6,94.6,-5.4,https://www.stats.gov.cn/zwfwck/sjfb/202601/t20260119_1962319.html,2026-09-27T23:16:55+08:00
2025-12,常德,三线,二手,99.3,-0.7,92.0,-8.0,https://www.stats.gov.cn/zwfwck/sjfb/202601/t20260119_1962319.html,2026-09-27T23:16:55+08:00
2025-12,平顶山,三线,二手,99.2,-0.8,93.8,-6.2,https://www.stats.gov.cn/zwfwck/sjfb/202601/t20260119_1962319.html,2026-09-27T23:16:55+08:00
2025-12,广州,一线,二手,99.0,-1.0,92.2,-7.8,https://www.stats.gov.cn/zwfwck/sjfb/202601/t20260119_1962319.html,2026-09-27T23:16:55+08:00
2025-12,徐州,三线,二手,98.9,-1.1,90.0,-10.0,https://www.stats.gov.cn/zwfwck/sjfb/202601/t20260119_1962319.html,2026-09-27T23:16:54+08:00
2025-12,惠州,三线,二手,99.4,-0.6,93.2,-6.8,https://www.stats.gov.cn/zwfwck/sjfb/202601/t20260119_1962319.html,2026-09-27T23:16:55+08:00
2025-12,成都,二线,二手,98.9,-1.1,95.5,-4.5,https://www.stats.gov.cn/zwfwck/sjfb/202601/t20260119_1962319.html,2026-09-27T23:16:55+08:00
2025-12,扬州,三线,二手,99.1,-0.9,91.7,-8.3,https://www.stats.gov.cn/zwfwck/sjfb/202601/t20260119_1962319.html,2026-09-27T23:16:54+08:00
2025-12,无锡,三线,二手,99.2,-0.8,94.5,-5.5,https://www.stats.gov.cn/zwfwck/sjfb/202601/t20260119_1962319.html,2026-09-27T23:16:54+08:00
2025-12,昆明,二线,二手,99.1,-0.9,92.6,-7.4,https://www.stats.gov.cn/zwfwck/sjfb/202601/t20260119_1962319.html,2026-09-27T23:16:55+08:00
2025-12,杭州,二线,二手,99.6,-0.4,95.7,-4.3,https://www.stats.gov.cn/zwfwck/sjfb/202601/t20260119_1962319.html,2026-09-27T23:16:54+08:00
2025-12,桂林,三线,二手,99.1,-0.9,93.6,-6.4,https://www.stats.gov.cn/zwfwck/sjfb/202601/t20260119_1962319.html,2026-09-27T23:16:55+08:00
2025-12,武汉,二线,二手,98.8,-1.2,91.0,-9.0,https://www.stats.gov.cn/zwfwck/sjfb/202601/t20260119_1962319.html,2026-09-27T23:16:55+08:00
2025-12,沈阳,二线,二手,99.8,-0.2,96.3,-3.7,https://www.stats.gov.cn/zwfwck/sjfb/202601/t20260119_1962319.html,2026-09-27T23:16:54+08:00
2025-12,泉州,三线,二手,99.4,-0.6,95.3,-4.7,https://www.stats.gov.cn/zwfwck/sjfb/202601/t20260119_1962319.html,2026-09-27T23:16:55+08:00
2025-12,泸州,三线,二手,99.0,-1.0,93.3,-6.7,https://www.stats.gov.cn/zwfwck/sjfb/202601/t20260119_1962319.html,2026-09-27T23:16:55+08:00
2025-12,洛阳,三线,二手,99.5,-0.5,95.6,-4.4,https://www.stats.gov.cn/zwfwck/sjfb/202601/t20260119_1962319.html,2026-09-27T23:16:55+08:00
2025-12,济南,二线,二手,99.1,-0.9,94.9,-5.1,https://www.stats.gov.cn/zwfwck/sjfb/202601/t20260119_1962319.html,2026-09-27T23:16:55+08:00
2025-12,济宁,三线,二手,99.3,-0.7,93.0,-7.0,https://www.stats.gov.cn/zwfwck/sjfb/202601/t20260119_1962319.html,2026-09-27T23:16:55+08:00
2025-12,海口,二线,二手,98.9,-1.1,94.2,-5.8,https://www.stats.gov.cn/zwfwck/sjfb/202601/t20260119_1962319.html,2026-09-27T23:16:55+08:00
2025-12,深圳,一线,二手,99.4,-0.6,94.6,-5.4,https://www.stats.gov.cn/zwfwck/sjfb/202601/t20260119_1962319.html,2026-09-27T23:16:55+08:00
2025-12,温州,三线,二手,99.3,-0.7,93.8,-6.2,https://www.stats.gov.cn/zwfwck/sjfb/202601/t20260119_1962319.html,2026-09-27T23:16:54+08:00
2025-12,湛江,三线,二手,99.3,-0.7,94.1,-5.9,https://www.stats.gov.cn/zwfwck/sjfb/202601/t20260119_1962319.html,2026-09-27T23:16:55+08:00
2025-12,烟台,三线,二手,99.3,-0.7,92.4,-7.6,https://www.stats.gov.cn/zwfwck/sjfb/202601/t20260119_1962319.html,2026-09-27T23:16:55+08:00
2025-12,牡丹江,三线,二手,99.8,-0.2,96.6,-3.4,https://www.stats.gov.cn/zwfwck/sjfb/202601/t20260119_1962319.html,2026-09-27T23:16:54+08:00
2025-12,石家庄,二线,二手,99.3,-0.7,94.6,-5.4,https://www.stats.gov.cn/zwfwck/sjfb/202601/t20260119_1962319.html,2026-09-27T23:16:54+08:00
2025-12,福州,二线,二手,99.4,-0.6,93.8,-6.2,https://www.stats.gov.cn/zwfwck/sjfb/202601/t20260119_1962319.html,2026-09-27T23:16:55+08:00
2025-12,秦皇岛,三线,二手,99.1,-0.9,92.3,-7.7,https://www.stats.gov.cn/zwfwck/sjfb/202601/t20260119_1962319.html,2026-09-27T23:16:54+08:00
2025-12,蚌埠,三线,二手,99.5,-0.5,95.3,-4.7,https://www.stats.gov.cn/zwfwck/sjfb/202601/t20260119_1962319.html,2026-09-27T23:16:54+08:00
2025-12,襄阳,三线,二手,99.4,-0.6,93.1,-6.9,https://www.stats.gov.cn/zwfwck/sjfb/202601/t20260119_1962319.html,2026-09-27T23:16:55+08:00
2025-12,西宁,二线,二手,99.8,-0.2,98.2,-1.8,https://www.stats.gov.cn/zwfwck/sjfb/202601/t20260119_1962319.html,2026-09-27T23:16:55+08:00
2025-12,西安,二线,二手,98.9,-1.1,91.0,-9.0,https://www.stats.gov.cn/zwfwck/sjfb/202601/t20260119_1962319.html,2026-09-27T23:16:55+08:00
2025-12,贵阳,二线,二手,99.5,-0.5,95.0,-5.0,https://www.stats.gov.cn/zwfwck/sjfb/202601/t20260119_1962319.html,2026-09-27T23:16:55+08:00
2025-12,赣州,三线,二手,99.4,-0.6,94.5,-5.5,https://www.stats.gov.cn/zwfwck/sjfb/202601/t20260119_1962319.html,2026-09-27T23:16:55+08:00
2025-12,遵义,三线,二手,99.4,-0.6,95.0,-5.0,https://www.stats.gov.cn/zwfwck/sjfb/202601/t20260119_1962319.html,2026-09-27T23:16:55+08:00
2025-12,郑州,二线,二手,99.2,-0.8,91.2,-8.8,https://www.stats.gov.cn/zwfwck/sjfb/202601/t20260119_1962319.html,2026-09-27T23:16:55+08:00
2025-12,重庆,二线,二手,99.0,-1.0,94.0,-6.0,https://www.stats.gov.cn/zwfwck/sjfb/202601/t20260119_1962319.html,2026-09-27T23:16:55+08:00
2025-12,金华,三线,二手,99.3,-0.7,94.4,-5.6,https://www.stats.gov.cn/zwfwck/sjfb/202601/t20260119_1962319.html,2026-09-27T23:16:54+08:00
2025-12,银川,二线,二手,99.2,-0.8,93.5,-6.5,https://www.stats.gov.cn/zwfwck/sjfb/202601/t20260119_1962319.html,2026-09-27T23:16:55+08:00
2025-12,锦州,三线,二手,99.8,-0.2,95.5,-4.5,https://www.stats.gov.cn/zwfwck/sjfb/202601/t20260119_1962319.html,2026-09-27T23:16:54+08:00
2025-12,长春,二线,二手,99.8,-0.2,95.2,-4.8,https://www.stats.gov.cn/zwfwck/sjfb/202601/t20260119_1962319.html,2026-09-27T23:16:54+08:00
2025-12,长沙,二线,二手,99.3,-0.7,92.3,-7.7,https://www.stats.gov.cn/zwfwck/sjfb/202601/t20260119_1962319.html,2026-09-27T23:16:55+08:00
2025-12,青岛,二线,二手,99.1,-0.9,94.4,-5.6,https://www.stats.gov.cn/zwfwck/sjfb/202601/t20260119_1962319.html,2026-09-27T23:16:55+08:00
2025-12,韶关,三线,二手,99.5,-0.5,95.6,-4.4,https://www.stats.gov.cn/zwfwck/sjfb/202601/t20260119_1962319.html,2026-09-27T23:16:55+08:00
2025-12,三亚,三线,新房,100.1,0.1,99.4,-0.6,https://www.stats.gov.cn/zwfwck/sjfb/202601/t20260119_1962319.html,2026-09-27T23:16:54+08:00
2025-12,上海,一线,新房,100.2,0.2,104.8,4.8,https://www.stats.gov.cn/zwfwck/sjfb/202601/t20260119_1962319.html,2026-09-27T23:16:54+08:00
2025-12,丹东,三线,新房,100.0,0.0,96.9,-3.1,https://www.stats.gov.cn/zwfwck/sjfb/202601/t20260119_1962319.html,2026-09-27T23:16:54+08:00
2025-12,乌鲁木齐,二线,新房,99.8,-0.2,100.6,0.6,https://www.stats.gov.cn/zwfwck/sjfb/202601/t20260119_1962319.html,2026-09-27T23:16:54+08:00
2025-12,九江,三线,新房,99.8,-0.2,96.3,-3.7,https://www.stats.gov.cn/zwfwck/sjfb/202601/t20260119_1962319.html,2026-09-27T23:16:54+08:00
2025-12,兰州,二线,新房,99.2,-0.8,95.9,-4.1,https://www.stats.gov.cn/zwfwck/sjfb/202601/t20260119_1962319.html,2026-09-27T23:16:54+08:00
2025-12,包头,三线,新房,99.0,-1.0,93.2,-6.8,https://www.stats.gov.cn/zwfwck/sjfb/202601/t20260119_1962319.html,2026-09-27T23:16:54+08:00
2025-12,北京,一线,新房,99.6,-0.4,97.6,-2.4,https://www.stats.gov.cn/zwfwck/sjfb/202601/t20260119_1962319.html,2026-09-27T23:16:54+08:00
2025-12,北海,三线,新房,99.3,-0.7,93.8,-6.2,https://www.stats.gov.cn/zwfwck/sjfb/202601/t20260119_1962319.html,2026-09-27T23:16:54+08:00
2025-12,南京,二线,新房,100.0,0.0,97.5,-2.5,https://www.stats.gov.cn/zwfwck/sjfb/202601/t20260119_1962319.html,2026-09-27T23:16:54+08:00
2025-12,南充,三线,新房,99.5,-0.5,96.4,-3.6,https://www.stats.gov.cn/zwfwck/sjfb/202601/t20260119_1962319.html,2026-09-27T23:16:54+08:00
2025-12,南宁,二线,新房,99.8,-0.2,99.3,-0.7,https://www.stats.gov.cn/zwfwck/sjfb/202601/t20260119_1962319.html,2026-09-27T23:16:54+08:00
2025-12,南昌,二线,新房,99.6,-0.4,95.5,-4.5,https://www.stats.gov.cn/zwfwck/sjfb/202601/t20260119_1962319.html,2026-09-27T23:16:54+08:00
2025-12,厦门,二线,新房,99.5,-0.5,96.9,-3.1,https://www.stats.gov.cn/zwfwck/sjfb/202601/t20260119_1962319.html,2026-09-27T23:16:54+08:00
2025-12,合肥,二线,新房,100.0,0.0,101.5,1.5,https://www.stats.gov.cn/zwfwck/sjfb/202601/t20260119_1962319.html,2026-09-27T23:16:54+08:00
2025-12,吉林,三线,新房,100.1,0.1,96.9,-3.1,https://www.stats.gov.cn/zwfwck/sjfb/202601/t20260119_1962319.html,2026-09-27T23:16:54+08:00
2025-12,呼和浩特,二线,新房,99.5,-0.5,96.0,-4.0,https://www.stats.gov.cn/zwfwck/sjfb/202601/t20260119_1962319.html,2026-09-27T23:16:54+08:00
2025-12,哈尔滨,二线,新房,99.5,-0.5,97.5,-2.5,https://www.stats.gov.cn/zwfwck/sjfb/202601/t20260119_1962319.html,2026-09-27T23:16:54+08:00
2025-12,唐山,三线,新房,99.3,-0.7,94.0,-6.0,https://www.stats.gov.cn/zwfwck/sjfb/202601/t20260119_1962319.html,2026-09-27T23:16:54+08:00
2025-12,大理,三线,新房,99.8,-0.2,95.6,-4.4,https://www.stats.gov.cn/zwfwck/sjfb/202601/t20260119_1962319.html,2026-09-27T23:16:54+08:00
2025-12,大连,二线,新房,99.8,-0.2,98.9,-1.1,https://www.stats.gov.cn/zwfwck/sjfb/202601/t20260119_1962319.html,2026-09-27T23:16:54+08:00
2025-12,天津,二线,新房,99.4,-0.6,97.0,-3.0,https://www.stats.gov.cn/zwfwck/sjfb/202601/t20260119_1962319.html,2026-09-27T23:16:54+08:00
2025-12,太原,二线,新房,99.8,-0.2,99.1,-0.9,https://www.stats.gov.cn/zwfwck/sjfb/202601/t20260119_1962319.html,2026-09-27T23:16:54+08:00
2025-12,宁波,二线,新房,99.9,-0.1,99.0,-1.0,https://www.stats.gov.cn/zwfwck/sjfb/202601/t20260119_1962319.html,2026-09-27T23:16:54+08:00
2025-12,安庆,三线,新房,99.8,-0.2,96.8,-3.2,https://www.stats.gov.cn/zwfwck/sjfb/202601/t20260119_1962319.html,2026-09-27T23:16:54+08:00
2025-12,宜昌,三线,新房,100.1,0.1,100.4,0.4,https://www.stats.gov.cn/zwfwck/sjfb/202601/t20260119_1962319.html,2026-09-27T23:16:54+08:00
2025-12,岳阳,三线,新房,99.7,-0.3,95.6,-4.4,https://www.stats.gov.cn/zwfwck/sjfb/202601/t20260119_1962319.html,2026-09-27T23:16:54+08:00
2025-12,常德,三线,新房,99.4,-0.6,96.0,-4.0,https://www.stats.gov.cn/zwfwck/sjfb/202601/t20260119_1962319.html,2026-09-27T23:16:54+08:00
2025-12,平顶山,三线,新房,99.5,-0.5,98.7,-1.3,https://www.stats.gov.cn/zwfwck/sjfb/202601/t20260119_1962319.html,2026-09-27T23:16:54+08:00
2025-12,广州,一线,新房,99.4,-0.6,95.2,-4.8,https://www.stats.gov.cn/zwfwck/sjfb/202601/t20260119_1962319.html,2026-09-27T23:16:54+08:00
2025-12,徐州,三线,新房,99.6,-0.4,94.8,-5.2,https://www.stats.gov.cn/zwfwck/sjfb/202601/t20260119_1962319.html,2026-09-27T23:16:54+08:00
2025-12,惠州,三线,新房,99.5,-0.5,96.4,-3.6,https://www.stats.gov.cn/zwfwck/sjfb/202601/t20260119_1962319.html,2026-09-27T23:16:54+08:00
2025-12,成都,二线,新房,99.3,-0.7,98.2,-1.8,https://www.stats.gov.cn/zwfwck/sjfb/202601/t20260119_1962319.html,2026-09-27T23:16:54+08:00
2025-12,扬州,三线,新房,100.0,0.0,95.1,-4.9,https://www.stats.gov.cn/zwfwck/sjfb/202601/t20260119_1962319.html,2026-09-27T23:16:54+08:00
2025-12,无锡,三线,新房,99.8,-0.2,95.6,-4.4,https://www.stats.gov.cn/zwfwck/sjfb/202601/t20260119_1962319.html,2026-09-27T23:16:54+08:00
2025-12,昆明,二线,新房,99.4,-0.6,94.2,-5.8,https://www.stats.gov.cn/zwfwck/sjfb/202601/t20260119_1962319.html,2026-09-27T23:16:54+08:00
2025-12,杭州,二线,新房,99.7,-0.3,102.2,2.2,https://www.stats.gov.cn/zwfwck/sjfb/202601/t20260119_1962319.html,2026-09-27T23:16:54+08:00
2025-12,桂林,三线,新房,99.2,-0.8,95.6,-4.4,https://www.stats.gov.cn/zwfwck/sjfb/202601/t20260119_1962319.html,2026-09-27T23:16:54+08:00
2025-12,武汉,二线,新房,100.0,0.0,96.6,-3.4,https://www.stats.gov.cn/zwfwck/sjfb/202601/t20260119_1962319.html,2026-09-27T23:16:54+08:00
2025-12,沈阳,二线,新房,99.7,-0.3,99.7,-0.3,https://www.stats.gov.cn/zwfwck/sjfb/202601/t20260119_1962319.html,2026-09-27T23:16:54+08:00
2025-12,泉州,三线,新房,99.6,-0.4,97.7,-2.3,https://www.stats.gov.cn/zwfwck/sjfb/202601/t20260119_1962319.html,2026-09-27T23:16:54+08:00
2025-12,泸州,三线,新房,99.1,-0.9,94.1,-5.9,https://www.stats.gov.cn/zwfwck/sjfb/202601/t20260119_1962319.html,2026-09-27T23:16:54+08:00
2025-12,洛阳,三线,新房,99.3,-0.7,96.2,-3.8,https://www.stats.gov.cn/zwfwck/sjfb/202601/t20260119_1962319.html,2026-09-27T23:16:54+08:00
2025-12,济南,二线,新房,99.8,-0.2,97.4,-2.6,https://www.stats.gov.cn/zwfwck/sjfb/202601/t20260119_1962319.html,2026-09-27T23:16:54+08:00
2025-12,济宁,三线,新房,99.4,-0.6,95.8,-4.2,https://www.stats.gov.cn/zwfwck/sjfb/202601/t20260119_1962319.html,2026-09-27T23:16:54+08:00
2025-12,海口,二线,新房,99.4,-0.6,95.1,-4.9,https://www.stats.gov.cn/zwfwck/sjfb/202601/t20260119_1962319.html,2026-09-27T23:16:54+08:00
2025-12,深圳,一线,新房,99.5,-0.5,95.6,-4.4,https://www.stats.gov.cn/zwfwck/sjfb/202601/t20260119_1962319.html,2026-09-27T23:16:54+08:00
2025-12,温州,三线,新房,99.7,-0.3,95.9,-4.1,https://www.stats.gov.cn/zwfwck/sjfb/202601/t20260119_1962319.html,2026-09-27T23:16:54+08:00
2025-12,湛江,三线,新房,99.2,-0.8,96.5,-3.5,https://www.stats.gov.cn/zwfwck/sjfb/202601/t20260119_1962319.html,2026-09-27T23:16:54+08:00
2025-12,烟台,三线,新房,99.7,-0.3,95.9,-4.1,https://www.stats.gov.cn/zwfwck/sjfb/202601/t20260119_1962319.html,2026-09-27T23:16:54+08:00
2025-12,牡丹江,三线,新房,100.0,0.0,97.9,-2.1,https://www.stats.gov.cn/zwfwck/sjfb/202601/t20260119_1962319.html,2026-09-27T23:16:54+08:00
2025-12,石家庄,二线,新房,99.8,-0.2,96.1,-3.9,https://www.stats.gov.cn/zwfwck/sjfb/202601/t20260119_1962319.html,2026-09-27T23:16:54+08:00
2025-12,福州,二线,新房,99.2,-0.8,96.9,-3.1,https://www.stats.gov.cn/zwfwck/sjfb/202601/t20260119_1962319.html,2026-09-27T23:16:54+08:00
2025-12,秦皇岛,三线,新房,99.4,-0.6,95.3,-4.7,https://www.stats.gov.cn/zwfwck/sjfb/202601/t20260119_1962319.html,2026-09-27T23:16:54+08:00
2025-12,蚌埠,三线,新房,99.7,-0.3,96.6,-3.4,https://www.stats.gov.cn/zwfwck/sjfb/202601/t20260119_1962319.html,2026-09-27T23:16:54+08:00
2025-12,襄阳,三线,新房,99.6,-0.4,96.5,-3.5,https://www.stats.gov.cn/zwfwck/sjfb/202601/t20260119_1962319.html,2026-09-27T23:16:54+08:00
2025-12,西宁,二线,新房,99.7,-0.3,96.9,-3.1,https://www.stats.gov.cn/zwfwck/sjfb/202601/t20260119_1962319.html,2026-09-27T23:16:54+08:00
2025-12,西安,二线,新房,99.5,-0.5,94.4,-5.6,https://www.stats.gov.cn/zwfwck/sjfb/202601/t20260119_1962319.html,2026-09-27T23:16:54+08:00
2025-12,贵阳,二线,新房,99.7,-0.3,96.7,-3.3,https://www.stats.gov.cn/zwfwck/sjfb/202601/t20260119_1962319.html,2026-09-27T23:16:54+08:00
2025-12,赣州,三线,新房,99.3,-0.7,96.8,-3.2,https://www.stats.gov.cn/zwfwck/sjfb/202601/t20260119_1962319.html,2026-09-27T23:16:54+08:00
2025-12,遵义,三线,新房,99.8,-0.2,97.4,-2.6,https://www.stats.gov.cn/zwfwck/sjfb/202601/t20260119_1962319.html,2026-09-27T23:16:54+08:00
2025-12,郑州,二线,新房,99.1,-0.9,95.2,-4.8,https://www.stats.gov.cn/zwfwck/sjfb/202601/t20260119_1962319.html,2026-09-27T23:16:54+08:00
2025-12,重庆,二线,新房,99.7,-0.3,97.1,-2.9,https://www.stats.gov.cn/zwfwck/sjfb/202601/t20260119_1962319.html,2026-09-27T23:16:54+08:00
2025-12,金华,三线,新房,99.3,-0.7,96.8,-3.2,https://www.stats.gov.cn/zwfwck/sjfb/202601/t20260119_1962319.html,2026-09-27T23:16:54+08:00
2025-12,银川,二线,新房,99.8,-0.2,96.5,-3.5,https://www.stats.gov.cn/zwfwck/sjfb/202601/t20260119_1962319.html,2026-09-27T23:16:54+08:00
2025-12,锦州,三线,新房,99.8,-0.2,97.0,-3.0,https://www.stats.gov.cn/zwfwck/sjfb/202601/t20260119_1962319.html,2026-09-27T23:16:54+08:00
2025-12,长春,二线,新房,100.2,0.2,97.2,-2.8,https://www.stats.gov.cn/zwfwck/sjfb/202601/t20260119_1962319.html,2026-09-27T23:16:54+08:00
2025-12,长沙,二线,新房,99.6,-0.4,97.9,-2.1,https://www.stats.gov.cn/zwfwck/sjfb/202601/t20260119_1962319.html,2026-09-27T23:16:54+08:00
2025-12,青岛,二线,新房,99.5,-0.5,98.2,-1.8,https://www.stats.gov.cn/zwfwck/sjfb/202601/t20260119_1962319.html,2026-09-27T23:16:54+08:00
2025-12,韶关,三线,新房,100.1,0.1,98.3,-1.7,https://www.stats.gov.cn/zwfwck/sjfb/202601/t20260119_1962319.html,2026-09-27T23:16:54+08:00
2026-01,三亚,三线,二手,99.4,-0.6,93.0,-7.0,https://www.stats.gov.cn/xxgk/sjfb/zxfb2020/202602/t20260213_1962617.html,2026-09-27T23:16:55+08:00
2026-01,上海,一线,二手,99.6,-0.4,93.2,-6.8,https://www.stats.gov.cn/xxgk/sjfb/zxfb2020/202602/t20260213_1962617.html,2026-09-27T23:16:55+08:00
2026-01,丹东,三线,二手,99.7,-0.3,96.3,-3.7,https://www.stats.gov.cn/xxgk/sjfb/zxfb2020/202602/t20260213_1962617.html,2026-09-27T23:16:55+08:00
2026-01,乌鲁木齐,二线,二手,99.5,-0.5,95.2,-4.8,https://www.stats.gov.cn/xxgk/sjfb/zxfb2020/202602/t20260213_1962617.html,2026-09-27T23:16:55+08:00
2026-01,九江,三线,二手,99.0,-1.0,93.2,-6.8,https://www.stats.gov.cn/xxgk/sjfb/zxfb2020/202602/t20260213_1962617.html,2026-09-27T23:16:55+08:00
2026-01,兰州,二线,二手,99.3,-0.7,94.3,-5.7,https://www.stats.gov.cn/xxgk/sjfb/zxfb2020/202602/t20260213_1962617.html,2026-09-27T23:16:55+08:00
2026-01,包头,三线,二手,99.0,-1.0,91.8,-8.2,https://www.stats.gov.cn/xxgk/sjfb/zxfb2020/202602/t20260213_1962617.html,2026-09-27T23:16:55+08:00
2026-01,北京,一线,二手,99.8,-0.2,91.3,-8.7,https://www.stats.gov.cn/xxgk/sjfb/zxfb2020/202602/t20260213_1962617.html,2026-09-27T23:16:55+08:00
2026-01,北海,三线,二手,98.8,-1.2,93.0,-7.0,https://www.stats.gov.cn/xxgk/sjfb/zxfb2020/202602/t20260213_1962617.html,2026-09-27T23:16:55+08:00
2026-01,南京,二线,二手,99.8,-0.2,91.4,-8.6,https://www.stats.gov.cn/xxgk/sjfb/zxfb2020/202602/t20260213_1962617.html,2026-09-27T23:16:55+08:00
2026-01,南充,三线,二手,99.3,-0.7,95.1,-4.9,https://www.stats.gov.cn/xxgk/sjfb/zxfb2020/202602/t20260213_1962617.html,2026-09-27T23:16:55+08:00
2026-01,南宁,二线,二手,99.3,-0.7,93.6,-6.4,https://www.stats.gov.cn/xxgk/sjfb/zxfb2020/202602/t20260213_1962617.html,2026-09-27T23:16:55+08:00
2026-01,南昌,二线,二手,99.0,-1.0,93.1,-6.9,https://www.stats.gov.cn/xxgk/sjfb/zxfb2020/202602/t20260213_1962617.html,2026-09-27T23:16:55+08:00
2026-01,厦门,二线,二手,99.8,-0.2,92.2,-7.8,https://www.stats.gov.cn/xxgk/sjfb/zxfb2020/202602/t20260213_1962617.html,2026-09-27T23:16:55+08:00
2026-01,合肥,二线,二手,99.4,-0.6,92.5,-7.5,https://www.stats.gov.cn/xxgk/sjfb/zxfb2020/202602/t20260213_1962617.html,2026-09-27T23:16:55+08:00
2026-01,吉林,三线,二手,99.8,-0.2,95.5,-4.5,https://www.stats.gov.cn/xxgk/sjfb/zxfb2020/202602/t20260213_1962617.html,2026-09-27T23:16:55+08:00
2026-01,呼和浩特,二线,二手,99.5,-0.5,94.4,-5.6,https://www.stats.gov.cn/xxgk/sjfb/zxfb2020/202602/t20260213_1962617.html,2026-09-27T23:16:55+08:00
2026-01,哈尔滨,二线,二手,99.8,-0.2,95.0,-5.0,https://www.stats.gov.cn/xxgk/sjfb/zxfb2020/202602/t20260213_1962617.html,2026-09-27T23:16:55+08:00
2026-01,唐山,三线,二手,99.3,-0.7,91.6,-8.4,https://www.stats.gov.cn/xxgk/sjfb/zxfb2020/202602/t20260213_1962617.html,2026-09-27T23:16:55+08:00
2026-01,大理,三线,二手,99.2,-0.8,94.0,-6.0,https://www.stats.gov.cn/xxgk/sjfb/zxfb2020/202602/t20260213_1962617.html,2026-09-27T23:16:55+08:00
2026-01,大连,二线,二手,99.6,-0.4,94.5,-5.5,https://www.stats.gov.cn/xxgk/sjfb/zxfb2020/202602/t20260213_1962617.html,2026-09-27T23:16:55+08:00
2026-01,天津,二线,二手,99.3,-0.7,94.1,-5.9,https://www.stats.gov.cn/xxgk/sjfb/zxfb2020/202602/t20260213_1962617.html,2026-09-27T23:16:55+08:00
2026-01,太原,二线,二手,99.4,-0.6,95.1,-4.9,https://www.stats.gov.cn/xxgk/sjfb/zxfb2020/202602/t20260213_1962617.html,2026-09-27T23:16:55+08:00
2026-01,宁波,二线,二手,99.7,-0.3,93.1,-6.9,https://www.stats.gov.cn/xxgk/sjfb/zxfb2020/202602/t20260213_1962617.html,2026-09-27T23:16:55+08:00
2026-01,安庆,三线,二手,99.4,-0.6,93.5,-6.5,https://www.stats.gov.cn/xxgk/sjfb/zxfb2020/202602/t20260213_1962617.html,2026-09-27T23:16:55+08:00
2026-01,宜昌,三线,二手,99.7,-0.3,95.6,-4.4,https://www.stats.gov.cn/xxgk/sjfb/zxfb2020/202602/t20260213_1962617.html,2026-09-27T23:16:55+08:00
2026-01,岳阳,三线,二手,99.3,-0.7,94.1,-5.9,https://www.stats.gov.cn/xxgk/sjfb/zxfb2020/202602/t20260213_1962617.html,2026-09-27T23:16:55+08:00
2026-01,常德,三线,二手,99.4,-0.6,92.1,-7.9,https://www.stats.gov.cn/xxgk/sjfb/zxfb2020/202602/t20260213_1962617.html,2026-09-27T23:16:55+08:00
2026-01,平顶山,三线,二手,99.1,-0.9,93.1,-6.9,https://www.stats.gov.cn/xxgk/sjfb/zxfb2020/202602/t20260213_1962617.html,2026-09-27T23:16:55+08:00
2026-01,广州,一线,二手,99.3,-0.7,91.7,-8.3,https://www.stats.gov.cn/xxgk/sjfb/zxfb2020/202602/t20260213_1962617.html,2026-09-27T23:16:55+08:00
2026-01,徐州,三线,二手,99.0,-1.0,89.8,-10.2,https://www.stats.gov.cn/xxgk/sjfb/zxfb2020/202602/t20260213_1962617.html,2026-09-27T23:16:55+08:00
2026-01,惠州,三线,二手,99.3,-0.7,93.0,-7.0,https://www.stats.gov.cn/xxgk/sjfb/zxfb2020/202602/t20260213_1962617.html,2026-09-27T23:16:55+08:00
2026-01,成都,二线,二手,99.6,-0.4,95.0,-5.0,https://www.stats.gov.cn/xxgk/sjfb/zxfb2020/202602/t20260213_1962617.html,2026-09-27T23:16:55+08:00
2026-01,扬州,三线,二手,100.4,0.4,93.3,-6.7,https://www.stats.gov.cn/xxgk/sjfb/zxfb2020/202602/t20260213_1962617.html,2026-09-27T23:16:55+08:00
2026-01,无锡,三线,二手,99.3,-0.7,93.8,-6.2,https://www.stats.gov.cn/xxgk/sjfb/zxfb2020/202602/t20260213_1962617.html,2026-09-27T23:16:55+08:00
2026-01,昆明,二线,二手,99.4,-0.6,92.8,-7.2,https://www.stats.gov.cn/xxgk/sjfb/zxfb2020/202602/t20260213_1962617.html,2026-09-27T23:16:55+08:00
2026-01,杭州,二线,二手,99.7,-0.3,95.8,-4.2,https://www.stats.gov.cn/xxgk/sjfb/zxfb2020/202602/t20260213_1962617.html,2026-09-27T23:16:55+08:00
2026-01,桂林,三线,二手,99.2,-0.8,93.3,-6.7,https://www.stats.gov.cn/xxgk/sjfb/zxfb2020/202602/t20260213_1962617.html,2026-09-27T23:16:55+08:00
2026-01,武汉,二线,二手,99.4,-0.6,90.8,-9.2,https://www.stats.gov.cn/xxgk/sjfb/zxfb2020/202602/t20260213_1962617.html,2026-09-27T23:16:55+08:00
2026-01,沈阳,二线,二手,100.0,0.0,96.6,-3.4,https://www.stats.gov.cn/xxgk/sjfb/zxfb2020/202602/t20260213_1962617.html,2026-09-27T23:16:55+08:00
2026-01,泉州,三线,二手,99.7,-0.3,95.2,-4.8,https://www.stats.gov.cn/xxgk/sjfb/zxfb2020/202602/t20260213_1962617.html,2026-09-27T23:16:55+08:00
2026-01,泸州,三线,二手,99.1,-0.9,92.7,-7.3,https://www.stats.gov.cn/xxgk/sjfb/zxfb2020/202602/t20260213_1962617.html,2026-09-27T23:16:55+08:00
2026-01,洛阳,三线,二手,99.7,-0.3,95.8,-4.2,https://www.stats.gov.cn/xxgk/sjfb/zxfb2020/202602/t20260213_1962617.html,2026-09-27T23:16:55+08:00
2026-01,济南,二线,二手,99.8,-0.2,94.6,-5.4,https://www.stats.gov.cn/xxgk/sjfb/zxfb2020/202602/t20260213_1962617.html,2026-09-27T23:16:55+08:00
2026-01,济宁,三线,二手,99.5,-0.5,93.4,-6.6,https://www.stats.gov.cn/xxgk/sjfb/zxfb2020/202602/t20260213_1962617.html,2026-09-27T23:16:55+08:00
2026-01,海口,二线,二手,99.3,-0.7,93.9,-6.1,https://www.stats.gov.cn/xxgk/sjfb/zxfb2020/202602/t20260213_1962617.html,2026-09-27T23:16:55+08:00
2026-01,深圳,一线,二手,99.4,-0.6,93.5,-6.5,https://www.stats.gov.cn/xxgk/sjfb/zxfb2020/202602/t20260213_1962617.html,2026-09-27T23:16:55+08:00
2026-01,温州,三线,二手,99.4,-0.6,93.4,-6.6,https://www.stats.gov.cn/xxgk/sjfb/zxfb2020/202602/t20260213_1962617.html,2026-09-27T23:16:55+08:00
2026-01,湛江,三线,二手,100.3,0.3,94.9,-5.1,https://www.stats.gov.cn/xxgk/sjfb/zxfb2020/202602/t20260213_1962617.html,2026-09-27T23:16:55+08:00
2026-01,烟台,三线,二手,99.6,-0.4,93.1,-6.9,https://www.stats.gov.cn/xxgk/sjfb/zxfb2020/202602/t20260213_1962617.html,2026-09-27T23:16:55+08:00
2026-01,牡丹江,三线,二手,99.7,-0.3,96.9,-3.1,https://www.stats.gov.cn/xxgk/sjfb/zxfb2020/202602/t20260213_1962617.html,2026-09-27T23:16:55+08:00
2026-01,石家庄,二线,二手,99.8,-0.2,94.7,-5.3,https://www.stats.gov.cn/xxgk/sjfb/zxfb2020/202602/t20260213_1962617.html,2026-09-27T23:16:55+08:00
2026-01,福州,二线,二手,99.4,-0.6,93.7,-6.3,https://www.stats.gov.cn/xxgk/sjfb/zxfb2020/202602/t20260213_1962617.html,2026-09-27T23:16:55+08:00
2026-01,秦皇岛,三线,二手,99.0,-1.0,91.9,-8.1,https://www.stats.gov.cn/xxgk/sjfb/zxfb2020/202602/t20260213_1962617.html,2026-09-27T23:16:55+08:00
2026-01,蚌埠,三线,二手,99.4,-0.6,95.2,-4.8,https://www.stats.gov.cn/xxgk/sjfb/zxfb2020/202602/t20260213_1962617.html,2026-09-27T23:16:55+08:00
2026-01,襄阳,三线,二手,99.2,-0.8,93.0,-7.0,https://www.stats.gov.cn/xxgk/sjfb/zxfb2020/202602/t20260213_1962617.html,2026-09-27T23:16:55+08:00
2026-01,西宁,二线,二手,99.6,-0.4,98.1,-1.9,https://www.stats.gov.cn/xxgk/sjfb/zxfb2020/202602/t20260213_1962617.html,2026-09-27T23:16:55+08:00
2026-01,西安,二线,二手,99.2,-0.8,90.6,-9.4,https://www.stats.gov.cn/xxgk/sjfb/zxfb2020/202602/t20260213_1962617.html,2026-09-27T23:16:55+08:00
2026-01,贵阳,二线,二手,99.5,-0.5,94.8,-5.2,https://www.stats.gov.cn/xxgk/sjfb/zxfb2020/202602/t20260213_1962617.html,2026-09-27T23:16:55+08:00
2026-01,赣州,三线,二手,99.4,-0.6,94.2,-5.8,https://www.stats.gov.cn/xxgk/sjfb/zxfb2020/202602/t20260213_1962617.html,2026-09-27T23:16:55+08:00
2026-01,遵义,三线,二手,99.7,-0.3,95.1,-4.9,https://www.stats.gov.cn/xxgk/sjfb/zxfb2020/202602/t20260213_1962617.html,2026-09-27T23:16:55+08:00
2026-01,郑州,二线,二手,99.3,-0.7,91.1,-8.9,https://www.stats.gov.cn/xxgk/sjfb/zxfb2020/202602/t20260213_1962617.html,2026-09-27T23:16:55+08:00
2026-01,重庆,二线,二手,99.5,-0.5,93.9,-6.1,https://www.stats.gov.cn/xxgk/sjfb/zxfb2020/202602/t20260213_1962617.html,2026-09-27T23:16:55+08:00
2026-01,金华,三线,二手,99.5,-0.5,94.1,-5.9,https://www.stats.gov.cn/xxgk/sjfb/zxfb2020/202602/t20260213_1962617.html,2026-09-27T23:16:55+08:00
2026-01,银川,二线,二手,99.3,-0.7,93.0,-7.0,https://www.stats.gov.cn/xxgk/sjfb/zxfb2020/202602/t20260213_1962617.html,2026-09-27T23:16:55+08:00
2026-01,锦州,三线,二手,99.7,-0.3,95.8,-4.2,https://www.stats.gov.cn/xxgk/sjfb/zxfb2020/202602/t20260213_1962617.html,2026-09-27T23:16:55+08:00
2026-01,长春,二线,二手,99.8,-0.2,95.4,-4.6,https://www.stats.gov.cn/xxgk/sjfb/zxfb2020/202602/t20260213_1962617.html,2026-09-27T23:16:55+08:00
2026-01,长沙,二线,二手,99.2,-0.8,91.8,-8.2,https://www.stats.gov.cn/xxgk/sjfb/zxfb2020/202602/t20260213_1962617.html,2026-09-27T23:16:55+08:00
2026-01,青岛,二线,二手,99.2,-0.8,93.6,-6.4,https://www.stats.gov.cn/xxgk/sjfb/zxfb2020/202602/t20260213_1962617.html,2026-09-27T23:16:55+08:00
2026-01,韶关,三线,二手,99.3,-0.7,95.2,-4.8,https://www.stats.gov.cn/xxgk/sjfb/zxfb2020/202602/t20260213_1962617.html,2026-09-27T23:16:55+08:00
2026-01,三亚,三线,新房,100.0,0.0,99.1,-0.9,https://www.stats.gov.cn/xxgk/sjfb/zxfb2020/202602/t20260213_1962617.html,2026-09-27T23:16:55+08:00
2026-01,上海,一线,新房,100.0,0.0,104.2,4.2,https://www.stats.gov.cn/xxgk/sjfb/zxfb2020/202602/t20260213_1962617.html,2026-09-27T23:16:55+08:00
2026-01,丹东,三线,新房,99.8,-0.2,97.3,-2.7,https://www.stats.gov.cn/xxgk/sjfb/zxfb2020/202602/t20260213_1962617.html,2026-09-27T23:16:55+08:00
2026-01,乌鲁木齐,二线,新房,99.6,-0.4,100.5,0.5,https://www.stats.gov.cn/xxgk/sjfb/zxfb2020/202602/t20260213_1962617.html,2026-09-27T23:16:55+08:00
2026-01,九江,三线,新房,99.7,-0.3,96.4,-3.6,https://www.stats.gov.cn/xxgk/sjfb/zxfb2020/202602/t20260213_1962617.html,2026-09-27T23:16:55+08:00
2026-01,兰州,二线,新房,99.5,-0.5,95.5,-4.5,https://www.stats.gov.cn/xxgk/sjfb/zxfb2020/202602/t20260213_1962617.html,2026-09-27T23:16:55+08:00
2026-01,包头,三线,新房,99.4,-0.6,92.8,-7.2,https://www.stats.gov.cn/xxgk/sjfb/zxfb2020/202602/t20260213_1962617.html,2026-09-27T23:16:55+08:00
2026-01,北京,一线,新房,99.7,-0.3,97.6,-2.4,https://www.stats.gov.cn/xxgk/sjfb/zxfb2020/202602/t20260213_1962617.html,2026-09-27T23:16:55+08:00
2026-01,北海,三线,新房,99.7,-0.3,94.0,-6.0,https://www.stats.gov.cn/xxgk/sjfb/zxfb2020/202602/t20260213_1962617.html,2026-09-27T23:16:55+08:00
2026-01,南京,二线,新房,99.6,-0.4,96.5,-3.5,https://www.stats.gov.cn/xxgk/sjfb/zxfb2020/202602/t20260213_1962617.html,2026-09-27T23:16:55+08:00
2026-01,南充,三线,新房,100.1,0.1,96.8,-3.2,https://www.stats.gov.cn/xxgk/sjfb/zxfb2020/202602/t20260213_1962617.html,2026-09-27T23:16:55+08:00
2026-01,南宁,二线,新房,99.2,-0.8,98.4,-1.6,https://www.stats.gov.cn/xxgk/sjfb/zxfb2020/202602/t20260213_1962617.html,2026-09-27T23:16:55+08:00
2026-01,南昌,二线,新房,99.5,-0.5,95.2,-4.8,https://www.stats.gov.cn/xxgk/sjfb/zxfb2020/202602/t20260213_1962617.html,2026-09-27T23:16:55+08:00
2026-01,厦门,二线,新房,100.1,0.1,97.0,-3.0,https://www.stats.gov.cn/xxgk/sjfb/zxfb2020/202602/t20260213_1962617.html,2026-09-27T23:16:55+08:00
2026-01,合肥,二线,新房,100.1,0.1,101.6,1.6,https://www.stats.gov.cn/xxgk/sjfb/zxfb2020/202602/t20260213_1962617.html,2026-09-27T23:16:55+08:00
2026-01,吉林,三线,新房,99.9,-0.1,97.0,-3.0,https://www.stats.gov.cn/xxgk/sjfb/zxfb2020/202602/t20260213_1962617.html,2026-09-27T23:16:55+08:00
2026-01,呼和浩特,二线,新房,99.3,-0.7,95.9,-4.1,https://www.stats.gov.cn/xxgk/sjfb/zxfb2020/202602/t20260213_1962617.html,2026-09-27T23:16:55+08:00
2026-01,哈尔滨,二线,新房,99.9,-0.1,97.6,-2.4,https://www.stats.gov.cn/xxgk/sjfb/zxfb2020/202602/t20260213_1962617.html,2026-09-27T23:16:55+08:00
2026-01,唐山,三线,新房,99.6,-0.4,93.8,-6.2,https://www.stats.gov.cn/xxgk/sjfb/zxfb2020/202602/t20260213_1962617.html,2026-09-27T23:16:55+08:00
2026-01,大理,三线,新房,100.0,0.0,95.8,-4.2,https://www.stats.gov.cn/xxgk/sjfb/zxfb2020/202602/t20260213_1962617.html,2026-09-27T23:16:55+08:00
2026-01,大连,二线,新房,100.2,0.2,98.8,-1.2,https://www.stats.gov.cn/xxgk/sjfb/zxfb2020/202602/t20260213_1962617.html,2026-09-27T23:16:55+08:00
2026-01,天津,二线,新房,99.2,-0.8,96.0,-4.0,https://www.stats.gov.cn/xxgk/sjfb/zxfb2020/202602/t20260213_1962617.html,2026-09-27T23:16:55+08:00
2026-01,太原,二线,新房,99.9,-0.1,98.8,-1.2,https://www.stats.gov.cn/xxgk/sjfb/zxfb2020/202602/t20260213_1962617.html,2026-09-27T23:16:55+08:00
2026-01,宁波,二线,新房,99.8,-0.2,98.4,-1.6,https://www.stats.gov.cn/xxgk/sjfb/zxfb2020/202602/t20260213_1962617.html,2026-09-27T23:16:55+08:00
2026-01,安庆,三线,新房,99.7,-0.3,96.4,-3.6,https://www.stats.gov.cn/xxgk/sjfb/zxfb2020/202602/t20260213_1962617.html,2026-09-27T23:16:55+08:00
2026-01,宜昌,三线,新房,99.5,-0.5,100.0,0.0,https://www.stats.gov.cn/xxgk/sjfb/zxfb2020/202602/t20260213_1962617.html,2026-09-27T23:16:55+08:00
2026-01,岳阳,三线,新房,99.6,-0.4,95.3,-4.7,https://www.stats.gov.cn/xxgk/sjfb/zxfb2020/202602/t20260213_1962617.html,2026-09-27T23:16:55+08:00
2026-01,常德,三线,新房,99.5,-0.5,95.8,-4.2,https://www.stats.gov.cn/xxgk/sjfb/zxfb2020/202602/t20260213_1962617.html,2026-09-27T23:16:55+08:00
2026-01,平顶山,三线,新房,99.7,-0.3,98.3,-1.7,https://www.stats.gov.cn/xxgk/sjfb/zxfb2020/202602/t20260213_1962617.html,2026-09-27T23:16:55+08:00
2026-01,广州,一线,新房,99.4,-0.6,94.7,-5.3,https://www.stats.gov.cn/xxgk/sjfb/zxfb2020/202602/t20260213_1962617.html,2026-09-27T23:16:55+08:00
2026-01,徐州,三线,新房,99.1,-0.9,94.5,-5.5,https://www.stats.gov.cn/xxgk/sjfb/zxfb2020/202602/t20260213_1962617.html,2026-09-27T23:16:55+08:00
2026-01,惠州,三线,新房,99.7,-0.3,95.9,-4.1,https://www.stats.gov.cn/xxgk/sjfb/zxfb2020/202602/t20260213_1962617.html,2026-09-27T23:16:55+08:00
2026-01,成都,二线,新房,99.4,-0.6,96.9,-3.1,https://www.stats.gov.cn/xxgk/sjfb/zxfb2020/202602/t20260213_1962617.html,2026-09-27T23:16:55+08:00
2026-01,扬州,三线,新房,99.6,-0.4,95.0,-5.0,https://www.stats.gov.cn/xxgk/sjfb/zxfb2020/202602/t20260213_1962617.html,2026-09-27T23:16:55+08:00
2026-01,无锡,三线,新房,99.8,-0.2,95.0,-5.0,https://www.stats.gov.cn/xxgk/sjfb/zxfb2020/202602/t20260213_1962617.html,2026-09-27T23:16:55+08:00
2026-01,昆明,二线,新房,99.7,-0.3,94.2,-5.8,https://www.stats.gov.cn/xxgk/sjfb/zxfb2020/202602/t20260213_1962617.html,2026-09-27T23:16:55+08:00
2026-01,杭州,二线,新房,99.7,-0.3,102.4,2.4,https://www.stats.gov.cn/xxgk/sjfb/zxfb2020/202602/t20260213_1962617.html,2026-09-27T23:16:55+08:00
2026-01,桂林,三线,新房,99.4,-0.6,95.2,-4.8,https://www.stats.gov.cn/xxgk/sjfb/zxfb2020/202602/t20260213_1962617.html,2026-09-27T23:16:55+08:00
2026-01,武汉,二线,新房,100.1,0.1,96.2,-3.8,https://www.stats.gov.cn/xxgk/sjfb/zxfb2020/202602/t20260213_1962617.html,2026-09-27T23:16:55+08:00
2026-01,沈阳,二线,新房,99.8,-0.2,99.6,-0.4,https://www.stats.gov.cn/xxgk/sjfb/zxfb2020/202602/t20260213_1962617.html,2026-09-27T23:16:55+08:00
2026-01,泉州,三线,新房,99.6,-0.4,97.4,-2.6,https://www.stats.gov.cn/xxgk/sjfb/zxfb2020/202602/t20260213_1962617.html,2026-09-27T23:16:55+08:00
2026-01,泸州,三线,新房,99.3,-0.7,93.9,-6.1,https://www.stats.gov.cn/xxgk/sjfb/zxfb2020/202602/t20260213_1962617.html,2026-09-27T23:16:55+08:00
2026-01,洛阳,三线,新房,99.5,-0.5,96.1,-3.9,https://www.stats.gov.cn/xxgk/sjfb/zxfb2020/202602/t20260213_1962617.html,2026-09-27T23:16:55+08:00
2026-01,济南,二线,新房,99.6,-0.4,97.2,-2.8,https://www.stats.gov.cn/xxgk/sjfb/zxfb2020/202602/t20260213_1962617.html,2026-09-27T23:16:55+08:00
2026-01,济宁,三线,新房,99.3,-0.7,95.2,-4.8,https://www.stats.gov.cn/xxgk/sjfb/zxfb2020/202602/t20260213_1962617.html,2026-09-27T23:16:55+08:00
2026-01,海口,二线,新房,99.9,-0.1,94.8,-5.2,https://www.stats.gov.cn/xxgk/sjfb/zxfb2020/202602/t20260213_1962617.html,2026-09-27T23:16:55+08:00
2026-01,深圳,一线,新房,99.6,-0.4,95.1,-4.9,https://www.stats.gov.cn/xxgk/sjfb/zxfb2020/202602/t20260213_1962617.html,2026-09-27T23:16:55+08:00
2026-01,温州,三线,新房,99.5,-0.5,95.5,-4.5,https://www.stats.gov.cn/xxgk/sjfb/zxfb2020/202602/t20260213_1962617.html,2026-09-27T23:16:55+08:00
2026-01,湛江,三线,新房,99.5,-0.5,96.2,-3.8,https://www.stats.gov.cn/xxgk/sjfb/zxfb2020/202602/t20260213_1962617.html,2026-09-27T23:16:55+08:00
2026-01,烟台,三线,新房,99.5,-0.5,95.7,-4.3,https://www.stats.gov.cn/xxgk/sjfb/zxfb2020/202602/t20260213_1962617.html,2026-09-27T23:16:55+08:00
2026-01,牡丹江,三线,新房,99.8,-0.2,98.2,-1.8,https://www.stats.gov.cn/xxgk/sjfb/zxfb2020/202602/t20260213_1962617.html,2026-09-27T23:16:55+08:00
2026-01,石家庄,二线,新房,99.7,-0.3,95.8,-4.2,https://www.stats.gov.cn/xxgk/sjfb/zxfb2020/202602/t20260213_1962617.html,2026-09-27T23:16:55+08:00
2026-01,福州,二线,新房,99.5,-0.5,96.7,-3.3,https://www.stats.gov.cn/xxgk/sjfb/zxfb2020/202602/t20260213_1962617.html,2026-09-27T23:16:55+08:00
2026-01,秦皇岛,三线,新房,99.5,-0.5,95.1,-4.9,https://www.stats.gov.cn/xxgk/sjfb/zxfb2020/202602/t20260213_1962617.html,2026-09-27T23:16:55+08:00
2026-01,蚌埠,三线,新房,99.5,-0.5,96.1,-3.9,https://www.stats.gov.cn/xxgk/sjfb/zxfb2020/202602/t20260213_1962617.html,2026-09-27T23:16:55+08:00
2026-01,襄阳,三线,新房,99.1,-0.9,95.9,-4.1,https://www.stats.gov.cn/xxgk/sjfb/zxfb2020/202602/t20260213_1962617.html,2026-09-27T23:16:55+08:00
2026-01,西宁,二线,新房,99.7,-0.3,96.9,-3.1,https://www.stats.gov.cn/xxgk/sjfb/zxfb2020/202602/t20260213_1962617.html,2026-09-27T23:16:55+08:00
2026-01,西安,二线,新房,99.3,-0.7,94.4,-5.6,https://www.stats.gov.cn/xxgk/sjfb/zxfb2020/202602/t20260213_1962617.html,2026-09-27T23:16:55+08:00
2026-01,贵阳,二线,新房,99.6,-0.4,96.6,-3.4,https://www.stats.gov.cn/xxgk/sjfb/zxfb2020/202602/t20260213_1962617.html,2026-09-27T23:16:55+08:00
2026-01,赣州,三线,新房,99.5,-0.5,96.0,-4.0,https://www.stats.gov.cn/xxgk/sjfb/zxfb2020/202602/t20260213_1962617.html,2026-09-27T23:16:55+08:00
2026-01,遵义,三线,新房,99.8,-0.2,97.1,-2.9,https://www.stats.gov.cn/xxgk/sjfb/zxfb2020/202602/t20260213_1962617.html,2026-09-27T23:16:55+08:00
2026-01,郑州,二线,新房,99.6,-0.4,94.3,-5.7,https://www.stats.gov.cn/xxgk/sjfb/zxfb2020/202602/t20260213_1962617.html,2026-09-27T23:16:55+08:00
2026-01,重庆,二线,新房,99.8,-0.2,96.5,-3.5,https://www.stats.gov.cn/xxgk/sjfb/zxfb2020/202602/t20260213_1962617.html,2026-09-27T23:16:55+08:00
2026-01,金华,三线,新房,99.4,-0.6,96.1,-3.9,https://www.stats.gov.cn/xxgk/sjfb/zxfb2020/202602/t20260213_1962617.html,2026-09-27T23:16:55+08:00
2026-01,银川,二线,新房,99.7,-0.3,96.2,-3.8,https://www.stats.gov.cn/xxgk/sjfb/zxfb2020/202602/t20260213_1962617.html,2026-09-27T23:16:55+08:00
2026-01,锦州,三线,新房,99.6,-0.4,96.8,-3.2,https://www.stats.gov.cn/xxgk/sjfb/zxfb2020/202602/t20260213_1962617.html,2026-09-27T23:16:55+08:00
2026-01,长春,二线,新房,99.6,-0.4,97.1,-2.9,https://www.stats.gov.cn/xxgk/sjfb/zxfb2020/202602/t20260213_1962617.html,2026-09-27T23:16:55+08:00
2026-01,长沙,二线,新房,99.7,-0.3,97.7,-2.3,https://www.stats.gov.cn/xxgk/sjfb/zxfb2020/202602/t20260213_1962617.html,2026-09-27T23:16:55+08:00
2026-01,青岛,二线,新房,99.4,-0.6,97.5,-2.5,https://www.stats.gov.cn/xxgk/sjfb/zxfb2020/202602/t20260213_1962617.html,2026-09-27T23:16:55+08:00
2026-01,韶关,三线,新房,99.8,-0.2,98.3,-1.7,https://www.stats.gov.cn/xxgk/sjfb/zxfb2020/202602/t20260213_1962617.html,2026-09-27T23:16:55+08:00
2026-02,三亚,三线,二手,99.9,-0.1,93.1,-6.9,https://www.stats.gov.cn/sj/zxfb/202603/t20260316_1962774.html,2026-09-27T23:16:55+08:00
2026-02,上海,一线,二手,100.2,0.2,93.8,-6.2,https://www.stats.gov.cn/sj/zxfb/202603/t20260316_1962774.html,2026-09-27T23:16:55+08:00
2026-02,丹东,三线,二手,99.8,-0.2,96.1,-3.9,https://www.stats.gov.cn/sj/zxfb/202603/t20260316_1962774.html,2026-09-27T23:16:55+08:00
2026-02,乌鲁木齐,二线,二手,99.6,-0.4,95.0,-5.0,https://www.stats.gov.cn/sj/zxfb/202603/t20260316_1962774.html,2026-09-27T23:16:55+08:00
2026-02,九江,三线,二手,99.5,-0.5,93.1,-6.9,https://www.stats.gov.cn/sj/zxfb/202603/t20260316_1962774.html,2026-09-27T23:16:55+08:00
2026-02,兰州,二线,二手,99.8,-0.2,94.2,-5.8,https://www.stats.gov.cn/sj/zxfb/202603/t20260316_1962774.html,2026-09-27T23:16:55+08:00
2026-02,包头,三线,二手,99.4,-0.6,91.4,-8.6,https://www.stats.gov.cn/sj/zxfb/202603/t20260316_1962774.html,2026-09-27T23:16:55+08:00
2026-02,北京,一线,二手,100.3,0.3,91.6,-8.4,https://www.stats.gov.cn/sj/zxfb/202603/t20260316_1962774.html,2026-09-27T23:16:55+08:00
2026-02,北海,三线,二手,99.4,-0.6,93.0,-7.0,https://www.stats.gov.cn/sj/zxfb/202603/t20260316_1962774.html,2026-09-27T23:16:55+08:00
2026-02,南京,二线,二手,99.9,-0.1,91.6,-8.4,https://www.stats.gov.cn/sj/zxfb/202603/t20260316_1962774.html,2026-09-27T23:16:55+08:00
2026-02,南充,三线,二手,99.6,-0.4,95.0,-5.0,https://www.stats.gov.cn/sj/zxfb/202603/t20260316_1962774.html,2026-09-27T23:16:55+08:00
2026-02,南宁,二线,二手,99.5,-0.5,93.4,-6.6,https://www.stats.gov.cn/sj/zxfb/202603/t20260316_1962774.html,2026-09-27T23:16:55+08:00
2026-02,南昌,二线,二手,99.7,-0.3,93.1,-6.9,https://www.stats.gov.cn/sj/zxfb/202603/t20260316_1962774.html,2026-09-27T23:16:55+08:00
2026-02,厦门,二线,二手,100.0,0.0,92.6,-7.4,https://www.stats.gov.cn/sj/zxfb/202603/t20260316_1962774.html,2026-09-27T23:16:55+08:00
2026-02,合肥,二线,二手,99.5,-0.5,92.4,-7.6,https://www.stats.gov.cn/sj/zxfb/202603/t20260316_1962774.html,2026-09-27T23:16:55+08:00
2026-02,吉林,三线,二手,99.7,-0.3,95.4,-4.6,https://www.stats.gov.cn/sj/zxfb/202603/t20260316_1962774.html,2026-09-27T23:16:55+08:00
2026-02,呼和浩特,二线,二手,99.2,-0.8,94.0,-6.0,https://www.stats.gov.cn/sj/zxfb/202603/t20260316_1962774.html,2026-09-27T23:16:55+08:00
2026-02,哈尔滨,二线,二手,99.7,-0.3,95.1,-4.9,https://www.stats.gov.cn/sj/zxfb/202603/t20260316_1962774.html,2026-09-27T23:16:55+08:00
2026-02,唐山,三线,二手,99.3,-0.7,91.4,-8.6,https://www.stats.gov.cn/sj/zxfb/202603/t20260316_1962774.html,2026-09-27T23:16:55+08:00
2026-02,大理,三线,二手,99.5,-0.5,93.9,-6.1,https://www.stats.gov.cn/sj/zxfb/202603/t20260316_1962774.html,2026-09-27T23:16:55+08:00
2026-02,大连,二线,二手,99.8,-0.2,95.1,-4.9,https://www.stats.gov.cn/sj/zxfb/202603/t20260316_1962774.html,2026-09-27T23:16:55+08:00
2026-02,天津,二线,二手,99.5,-0.5,94.0,-6.0,https://www.stats.gov.cn/sj/zxfb/202603/t20260316_1962774.html,2026-09-27T23:16:55+08:00
2026-02,太原,二线,二手,99.5,-0.5,95.2,-4.8,https://www.stats.gov.cn/sj/zxfb/202603/t20260316_1962774.html,2026-09-27T23:16:55+08:00
2026-02,宁波,二线,二手,99.9,-0.1,93.4,-6.6,https://www.stats.gov.cn/sj/zxfb/202603/t20260316_1962774.html,2026-09-27T23:16:55+08:00
2026-02,安庆,三线,二手,99.3,-0.7,93.5,-6.5,https://www.stats.gov.cn/sj/zxfb/202603/t20260316_1962774.html,2026-09-27T23:16:55+08:00
2026-02,宜昌,三线,二手,99.5,-0.5,95.5,-4.5,https://www.stats.gov.cn/sj/zxfb/202603/t20260316_1962774.html,2026-09-27T23:16:55+08:00
2026-02,岳阳,三线,二手,99.3,-0.7,93.5,-6.5,https://www.stats.gov.cn/sj/zxfb/202603/t20260316_1962774.html,2026-09-27T23:16:55+08:00
2026-02,常德,三线,二手,99.6,-0.4,92.1,-7.9,https://www.stats.gov.cn/sj/zxfb/202603/t20260316_1962774.html,2026-09-27T23:16:55+08:00
2026-02,平顶山,三线,二手,99.4,-0.6,92.9,-7.1,https://www.stats.gov.cn/sj/zxfb/202603/t20260316_1962774.html,2026-09-27T23:16:55+08:00
2026-02,广州,一线,二手,99.5,-0.5,91.5,-8.5,https://www.stats.gov.cn/sj/zxfb/202603/t20260316_1962774.html,2026-09-27T23:16:55+08:00
2026-02,徐州,三线,二手,99.7,-0.3,90.1,-9.9,https://www.stats.gov.cn/sj/zxfb/202603/t20260316_1962774.html,2026-09-27T23:16:55+08:00
2026-02,惠州,三线,二手,99.4,-0.6,92.9,-7.1,https://www.stats.gov.cn/sj/zxfb/202603/t20260316_1962774.html,2026-09-27T23:16:55+08:00
2026-02,成都,二线,二手,99.8,-0.2,94.5,-5.5,https://www.stats.gov.cn/sj/zxfb/202603/t20260316_1962774.html,2026-09-27T23:16:55+08:00
2026-02,扬州,三线,二手,99.2,-0.8,93.5,-6.5,https://www.stats.gov.cn/sj/zxfb/202603/t20260316_1962774.html,2026-09-27T23:16:55+08:00
2026-02,无锡,三线,二手,99.5,-0.5,93.4,-6.6,https://www.stats.gov.cn/sj/zxfb/202603/t20260316_1962774.html,2026-09-27T23:16:55+08:00
2026-02,昆明,二线,二手,99.2,-0.8,92.5,-7.5,https://www.stats.gov.cn/sj/zxfb/202603/t20260316_1962774.html,2026-09-27T23:16:55+08:00
2026-02,杭州,二线,二手,99.8,-0.2,95.7,-4.3,https://www.stats.gov.cn/sj/zxfb/202603/t20260316_1962774.html,2026-09-27T23:16:55+08:00
2026-02,桂林,三线,二手,99.3,-0.7,93.2,-6.8,https://www.stats.gov.cn/sj/zxfb/202603/t20260316_1962774.html,2026-09-27T23:16:55+08:00
2026-02,武汉,二线,二手,99.2,-0.8,90.6,-9.4,https://www.stats.gov.cn/sj/zxfb/202603/t20260316_1962774.html,2026-09-27T23:16:55+08:00
2026-02,沈阳,二线,二手,100.0,0.0,96.9,-3.1,https://www.stats.gov.cn/sj/zxfb/202603/t20260316_1962774.html,2026-09-27T23:16:55+08:00
2026-02,泉州,三线,二手,99.8,-0.2,95.2,-4.8,https://www.stats.gov.cn/sj/zxfb/202603/t20260316_1962774.html,2026-09-27T23:16:55+08:00
2026-02,泸州,三线,二手,99.1,-0.9,92.3,-7.7,https://www.stats.gov.cn/sj/zxfb/202603/t20260316_1962774.html,2026-09-27T23:16:55+08:00
2026-02,洛阳,三线,二手,99.5,-0.5,95.6,-4.4,https://www.stats.gov.cn/sj/zxfb/202603/t20260316_1962774.html,2026-09-27T23:16:55+08:00
2026-02,济南,二线,二手,99.8,-0.2,94.6,-5.4,https://www.stats.gov.cn/sj/zxfb/202603/t20260316_1962774.html,2026-09-27T23:16:55+08:00
2026-02,济宁,三线,二手,99.4,-0.6,93.0,-7.0,https://www.stats.gov.cn/sj/zxfb/202603/t20260316_1962774.html,2026-09-27T23:16:55+08:00
2026-02,海口,二线,二手,99.4,-0.6,93.3,-6.7,https://www.stats.gov.cn/sj/zxfb/202603/t20260316_1962774.html,2026-09-27T23:16:55+08:00
2026-02,深圳,一线,二手,99.6,-0.4,92.9,-7.1,https://www.stats.gov.cn/sj/zxfb/202603/t20260316_1962774.html,2026-09-27T23:16:55+08:00
2026-02,温州,三线,二手,99.7,-0.3,93.3,-6.7,https://www.stats.gov.cn/sj/zxfb/202603/t20260316_1962774.html,2026-09-27T23:16:55+08:00
2026-02,湛江,三线,二手,99.7,-0.3,94.9,-5.1,https://www.stats.gov.cn/sj/zxfb/202603/t20260316_1962774.html,2026-09-27T23:16:55+08:00
2026-02,烟台,三线,二手,99.3,-0.7,93.0,-7.0,https://www.stats.gov.cn/sj/zxfb/202603/t20260316_1962774.html,2026-09-27T23:16:55+08:00
2026-02,牡丹江,三线,二手,99.6,-0.4,96.9,-3.1,https://www.stats.gov.cn/sj/zxfb/202603/t20260316_1962774.html,2026-09-27T23:16:55+08:00
2026-02,石家庄,二线,二手,99.6,-0.4,94.5,-5.5,https://www.stats.gov.cn/sj/zxfb/202603/t20260316_1962774.html,2026-09-27T23:16:55+08:00
2026-02,福州,二线,二手,99.8,-0.2,94.1,-5.9,https://www.stats.gov.cn/sj/zxfb/202603/t20260316_1962774.html,2026-09-27T23:16:55+08:00
2026-02,秦皇岛,三线,二手,99.2,-0.8,91.6,-8.4,https://www.stats.gov.cn/sj/zxfb/202603/t20260316_1962774.html,2026-09-27T23:16:55+08:00
2026-02,蚌埠,三线,二手,99.5,-0.5,94.9,-5.1,https://www.stats.gov.cn/sj/zxfb/202603/t20260316_1962774.html,2026-09-27T23:16:55+08:00
2026-02,襄阳,三线,二手,99.2,-0.8,92.8,-7.2,https://www.stats.gov.cn/sj/zxfb/202603/t20260316_1962774.html,2026-09-27T23:16:55+08:00
2026-02,西宁,二线,二手,99.8,-0.2,98.5,-1.5,https://www.stats.gov.cn/sj/zxfb/202603/t20260316_1962774.html,2026-09-27T23:16:55+08:00
2026-02,西安,二线,二手,99.9,-0.1,90.9,-9.1,https://www.stats.gov.cn/sj/zxfb/202603/t20260316_1962774.html,2026-09-27T23:16:55+08:00
2026-02,贵阳,二线,二手,99.6,-0.4,94.6,-5.4,https://www.stats.gov.cn/sj/zxfb/202603/t20260316_1962774.html,2026-09-27T23:16:55+08:00
2026-02,赣州,三线,二手,99.3,-0.7,93.6,-6.4,https://www.stats.gov.cn/sj/zxfb/202603/t20260316_1962774.html,2026-09-27T23:16:55+08:00
2026-02,遵义,三线,二手,99.6,-0.4,95.1,-4.9,https://www.stats.gov.cn/sj/zxfb/202603/t20260316_1962774.html,2026-09-27T23:16:55+08:00
2026-02,郑州,二线,二手,99.5,-0.5,91.2,-8.8,https://www.stats.gov.cn/sj/zxfb/202603/t20260316_1962774.html,2026-09-27T23:16:55+08:00
2026-02,重庆,二线,二手,99.8,-0.2,93.9,-6.1,https://www.stats.gov.cn/sj/zxfb/202603/t20260316_1962774.html,2026-09-27T23:16:55+08:00
2026-02,金华,三线,二手,99.3,-0.7,93.7,-6.3,https://www.stats.gov.cn/sj/zxfb/202603/t20260316_1962774.html,2026-09-27T23:16:55+08:00
2026-02,银川,二线,二手,99.7,-0.3,93.4,-6.6,https://www.stats.gov.cn/sj/zxfb/202603/t20260316_1962774.html,2026-09-27T23:16:55+08:00
2026-02,锦州,三线,二手,99.5,-0.5,95.7,-4.3,https://www.stats.gov.cn/sj/zxfb/202603/t20260316_1962774.html,2026-09-27T23:16:55+08:00
2026-02,长春,二线,二手,99.5,-0.5,95.6,-4.4,https://www.stats.gov.cn/sj/zxfb/202603/t20260316_1962774.html,2026-09-27T23:16:55+08:00
2026-02,长沙,二线,二手,99.2,-0.8,91.4,-8.6,https://www.stats.gov.cn/sj/zxfb/202603/t20260316_1962774.html,2026-09-27T23:16:55+08:00
2026-02,青岛,二线,二手,99.4,-0.6,93.1,-6.9,https://www.stats.gov.cn/sj/zxfb/202603/t20260316_1962774.html,2026-09-27T23:16:55+08:00
2026-02,韶关,三线,二手,99.7,-0.3,95.2,-4.8,https://www.stats.gov.cn/sj/zxfb/202603/t20260316_1962774.html,2026-09-27T23:16:55+08:00
2026-02,三亚,三线,新房,99.9,-0.1,99.1,-0.9,https://www.stats.gov.cn/sj/zxfb/202603/t20260316_1962774.html,2026-09-27T23:16:55+08:00
2026-02,上海,一线,新房,100.2,0.2,104.2,4.2,https://www.stats.gov.cn/sj/zxfb/202603/t20260316_1962774.html,2026-09-27T23:16:55+08:00
2026-02,丹东,三线,新房,99.7,-0.3,97.5,-2.5,https://www.stats.gov.cn/sj/zxfb/202603/t20260316_1962774.html,2026-09-27T23:16:55+08:00
2026-02,乌鲁木齐,二线,新房,99.7,-0.3,100.4,0.4,https://www.stats.gov.cn/sj/zxfb/202603/t20260316_1962774.html,2026-09-27T23:16:55+08:00
2026-02,九江,三线,新房,99.7,-0.3,96.1,-3.9,https://www.stats.gov.cn/sj/zxfb/202603/t20260316_1962774.html,2026-09-27T23:16:55+08:00
2026-02,兰州,二线,新房,99.7,-0.3,95.4,-4.6,https://www.stats.gov.cn/sj/zxfb/202603/t20260316_1962774.html,2026-09-27T23:16:55+08:00
2026-02,包头,三线,新房,99.5,-0.5,92.8,-7.2,https://www.stats.gov.cn/sj/zxfb/202603/t20260316_1962774.html,2026-09-27T23:16:55+08:00
2026-02,北京,一线,新房,100.2,0.2,97.7,-2.3,https://www.stats.gov.cn/sj/zxfb/202603/t20260316_1962774.html,2026-09-27T23:16:55+08:00
2026-02,北海,三线,新房,99.6,-0.4,94.0,-6.0,https://www.stats.gov.cn/sj/zxfb/202603/t20260316_1962774.html,2026-09-27T23:16:55+08:00
2026-02,南京,二线,新房,100.3,0.3,96.3,-3.7,https://www.stats.gov.cn/sj/zxfb/202603/t20260316_1962774.html,2026-09-27T23:16:55+08:00
2026-02,南充,三线,新房,100.0,0.0,96.9,-3.1,https://www.stats.gov.cn/sj/zxfb/202603/t20260316_1962774.html,2026-09-27T23:16:55+08:00
2026-02,南宁,二线,新房,99.3,-0.7,97.6,-2.4,https://www.stats.gov.cn/sj/zxfb/202603/t20260316_1962774.html,2026-09-27T23:16:55+08:00
2026-02,南昌,二线,新房,99.9,-0.1,94.9,-5.1,https://www.stats.gov.cn/sj/zxfb/202603/t20260316_1962774.html,2026-09-27T23:16:55+08:00
2026-02,厦门,二线,新房,100.1,0.1,96.9,-3.1,https://www.stats.gov.cn/sj/zxfb/202603/t20260316_1962774.html,2026-09-27T23:16:55+08:00
2026-02,合肥,二线,新房,100.0,0.0,101.3,1.3,https://www.stats.gov.cn/sj/zxfb/202603/t20260316_1962774.html,2026-09-27T23:16:55+08:00
2026-02,吉林,三线,新房,99.8,-0.2,97.3,-2.7,https://www.stats.gov.cn/sj/zxfb/202603/t20260316_1962774.html,2026-09-27T23:16:55+08:00
2026-02,呼和浩特,二线,新房,99.4,-0.6,95.9,-4.1,https://www.stats.gov.cn/sj/zxfb/202603/t20260316_1962774.html,2026-09-27T23:16:55+08:00
2026-02,哈尔滨,二线,新房,100.0,0.0,97.2,-2.8,https://www.stats.gov.cn/sj/zxfb/202603/t20260316_1962774.html,2026-09-27T23:16:55+08:00
2026-02,唐山,三线,新房,99.5,-0.5,93.9,-6.1,https://www.stats.gov.cn/sj/zxfb/202603/t20260316_1962774.html,2026-09-27T23:16:55+08:00
2026-02,大理,三线,新房,99.8,-0.2,95.8,-4.2,https://www.stats.gov.cn/sj/zxfb/202603/t20260316_1962774.html,2026-09-27T23:16:55+08:00
2026-02,大连,二线,新房,100.1,0.1,98.7,-1.3,https://www.stats.gov.cn/sj/zxfb/202603/t20260316_1962774.html,2026-09-27T23:16:55+08:00
2026-02,天津,二线,新房,99.6,-0.4,95.8,-4.2,https://www.stats.gov.cn/sj/zxfb/202603/t20260316_1962774.html,2026-09-27T23:16:55+08:00
2026-02,太原,二线,新房,99.6,-0.4,98.3,-1.7,https://www.stats.gov.cn/sj/zxfb/202603/t20260316_1962774.html,2026-09-27T23:16:55+08:00
2026-02,宁波,二线,新房,100.0,0.0,98.1,-1.9,https://www.stats.gov.cn/sj/zxfb/202603/t20260316_1962774.html,2026-09-27T23:16:55+08:00
2026-02,安庆,三线,新房,99.8,-0.2,96.5,-3.5,https://www.stats.gov.cn/sj/zxfb/202603/t20260316_1962774.html,2026-09-27T23:16:55+08:00
2026-02,宜昌,三线,新房,100.3,0.3,100.2,0.2,https://www.stats.gov.cn/sj/zxfb/202603/t20260316_1962774.html,2026-09-27T23:16:55+08:00
2026-02,岳阳,三线,新房,99.7,-0.3,95.4,-4.6,https://www.stats.gov.cn/sj/zxfb/202603/t20260316_1962774.html,2026-09-27T23:16:55+08:00
2026-02,常德,三线,新房,99.5,-0.5,95.2,-4.8,https://www.stats.gov.cn/sj/zxfb/202603/t20260316_1962774.html,2026-09-27T23:16:55+08:00
2026-02,平顶山,三线,新房,99.6,-0.4,97.9,-2.1,https://www.stats.gov.cn/sj/zxfb/202603/t20260316_1962774.html,2026-09-27T23:16:55+08:00
2026-02,广州,一线,新房,100.0,0.0,94.9,-5.1,https://www.stats.gov.cn/sj/zxfb/202603/t20260316_1962774.html,2026-09-27T23:16:55+08:00
2026-02,徐州,三线,新房,100.0,0.0,94.9,-5.1,https://www.stats.gov.cn/sj/zxfb/202603/t20260316_1962774.html,2026-09-27T23:16:55+08:00
2026-02,惠州,三线,新房,99.3,-0.7,95.4,-4.6,https://www.stats.gov.cn/sj/zxfb/202603/t20260316_1962774.html,2026-09-27T23:16:55+08:00
2026-02,成都,二线,新房,99.7,-0.3,96.2,-3.8,https://www.stats.gov.cn/sj/zxfb/202603/t20260316_1962774.html,2026-09-27T23:16:55+08:00
2026-02,扬州,三线,新房,99.5,-0.5,94.7,-5.3,https://www.stats.gov.cn/sj/zxfb/202603/t20260316_1962774.html,2026-09-27T23:16:55+08:00
2026-02,无锡,三线,新房,99.6,-0.4,95.4,-4.6,https://www.stats.gov.cn/sj/zxfb/202603/t20260316_1962774.html,2026-09-27T23:16:55+08:00
2026-02,昆明,二线,新房,99.1,-0.9,93.4,-6.6,https://www.stats.gov.cn/sj/zxfb/202603/t20260316_1962774.html,2026-09-27T23:16:55+08:00
2026-02,杭州,二线,新房,100.2,0.2,102.7,2.7,https://www.stats.gov.cn/sj/zxfb/202603/t20260316_1962774.html,2026-09-27T23:16:55+08:00
2026-02,桂林,三线,新房,99.4,-0.6,95.0,-5.0,https://www.stats.gov.cn/sj/zxfb/202603/t20260316_1962774.html,2026-09-27T23:16:55+08:00
2026-02,武汉,二线,新房,100.1,0.1,96.5,-3.5,https://www.stats.gov.cn/sj/zxfb/202603/t20260316_1962774.html,2026-09-27T23:16:55+08:00
2026-02,沈阳,二线,新房,100.2,0.2,99.7,-0.3,https://www.stats.gov.cn/sj/zxfb/202603/t20260316_1962774.html,2026-09-27T23:16:55+08:00
2026-02,泉州,三线,新房,99.7,-0.3,96.9,-3.1,https://www.stats.gov.cn/sj/zxfb/202603/t20260316_1962774.html,2026-09-27T23:16:55+08:00
2026-02,泸州,三线,新房,99.2,-0.8,93.4,-6.6,https://www.stats.gov.cn/sj/zxfb/202603/t20260316_1962774.html,2026-09-27T23:16:55+08:00
2026-02,洛阳,三线,新房,99.4,-0.6,95.6,-4.4,https://www.stats.gov.cn/sj/zxfb/202603/t20260316_1962774.html,2026-09-27T23:16:55+08:00
2026-02,济南,二线,新房,99.7,-0.3,96.7,-3.3,https://www.stats.gov.cn/sj/zxfb/202603/t20260316_1962774.html,2026-09-27T23:16:55+08:00
2026-02,济宁,三线,新房,99.6,-0.4,95.1,-4.9,https://www.stats.gov.cn/sj/zxfb/202603/t20260316_1962774.html,2026-09-27T23:16:55+08:00
2026-02,海口,二线,新房,99.7,-0.3,94.5,-5.5,https://www.stats.gov.cn/sj/zxfb/202603/t20260316_1962774.html,2026-09-27T23:16:55+08:00
2026-02,深圳,一线,新房,99.7,-0.3,94.5,-5.5,https://www.stats.gov.cn/sj/zxfb/202603/t20260316_1962774.html,2026-09-27T23:16:55+08:00
2026-02,温州,三线,新房,100.0,0.0,95.6,-4.4,https://www.stats.gov.cn/sj/zxfb/202603/t20260316_1962774.html,2026-09-27T23:16:55+08:00
2026-02,湛江,三线,新房,99.4,-0.6,96.0,-4.0,https://www.stats.gov.cn/sj/zxfb/202603/t20260316_1962774.html,2026-09-27T23:16:55+08:00
2026-02,烟台,三线,新房,99.4,-0.6,95.8,-4.2,https://www.stats.gov.cn/sj/zxfb/202603/t20260316_1962774.html,2026-09-27T23:16:55+08:00
2026-02,牡丹江,三线,新房,99.7,-0.3,98.1,-1.9,https://www.stats.gov.cn/sj/zxfb/202603/t20260316_1962774.html,2026-09-27T23:16:55+08:00
2026-02,石家庄,二线,新房,99.7,-0.3,95.8,-4.2,https://www.stats.gov.cn/sj/zxfb/202603/t20260316_1962774.html,2026-09-27T23:16:55+08:00
2026-02,福州,二线,新房,99.3,-0.7,96.1,-3.9,https://www.stats.gov.cn/sj/zxfb/202603/t20260316_1962774.html,2026-09-27T23:16:55+08:00
2026-02,秦皇岛,三线,新房,99.4,-0.6,94.8,-5.2,https://www.stats.gov.cn/sj/zxfb/202603/t20260316_1962774.html,2026-09-27T23:16:55+08:00
2026-02,蚌埠,三线,新房,99.6,-0.4,96.2,-3.8,https://www.stats.gov.cn/sj/zxfb/202603/t20260316_1962774.html,2026-09-27T23:16:55+08:00
2026-02,襄阳,三线,新房,99.3,-0.7,95.4,-4.6,https://www.stats.gov.cn/sj/zxfb/202603/t20260316_1962774.html,2026-09-27T23:16:55+08:00
2026-02,西宁,二线,新房,99.4,-0.6,96.5,-3.5,https://www.stats.gov.cn/sj/zxfb/202603/t20260316_1962774.html,2026-09-27T23:16:55+08:00
2026-02,西安,二线,新房,99.7,-0.3,94.5,-5.5,https://www.stats.gov.cn/sj/zxfb/202603/t20260316_1962774.html,2026-09-27T23:16:55+08:00
2026-02,贵阳,二线,新房,99.7,-0.3,96.3,-3.7,https://www.stats.gov.cn/sj/zxfb/202603/t20260316_1962774.html,2026-09-27T23:16:55+08:00
2026-02,赣州,三线,新房,99.6,-0.4,95.6,-4.4,https://www.stats.gov.cn/sj/zxfb/202603/t20260316_1962774.html,2026-09-27T23:16:55+08:00
2026-02,遵义,三线,新房,99.6,-0.4,97.1,-2.9,https://www.stats.gov.cn/sj/zxfb/202603/t20260316_1962774.html,2026-09-27T23:16:55+08:00
2026-02,郑州,二线,新房,99.8,-0.2,94.5,-5.5,https://www.stats.gov.cn/sj/zxfb/202603/t20260316_1962774.html,2026-09-27T23:16:55+08:00
2026-02,重庆,二线,新房,99.5,-0.5,96.2,-3.8,https://www.stats.gov.cn/sj/zxfb/202603/t20260316_1962774.html,2026-09-27T23:16:55+08:00
2026-02,金华,三线,新房,99.7,-0.3,95.9,-4.1,https://www.stats.gov.cn/sj/zxfb/202603/t20260316_1962774.html,2026-09-27T23:16:55+08:00
2026-02,银川,二线,新房,99.8,-0.2,96.6,-3.4,https://www.stats.gov.cn/sj/zxfb/202603/t20260316_1962774.html,2026-09-27T23:16:55+08:00
2026-02,锦州,三线,新房,99.7,-0.3,96.8,-3.2,https://www.stats.gov.cn/sj/zxfb/202603/t20260316_1962774.html,2026-09-27T23:16:55+08:00
2026-02,长春,二线,新房,100.3,0.3,97.9,-2.1,https://www.stats.gov.cn/sj/zxfb/202603/t20260316_1962774.html,2026-09-27T23:16:55+08:00
2026-02,长沙,二线,新房,99.5,-0.5,97.4,-2.6,https://www.stats.gov.cn/sj/zxfb/202603/t20260316_1962774.html,2026-09-27T23:16:55+08:00
2026-02,青岛,二线,新房,99.6,-0.4,97.1,-2.9,https://www.stats.gov.cn/sj/zxfb/202603/t20260316_1962774.html,2026-09-27T23:16:55+08:00
2026-02,韶关,三线,新房,99.8,-0.2,98.7,-1.3,https://www.stats.gov.cn/sj/zxfb/202603/t20260316_1962774.html,2026-09-27T23:16:55+08:00
2026-03,三亚,三线,二手,99.6,-0.4,93.0,-7.0,https://www.stats.gov.cn/sj/zxfb/202604/t20260416_1963320.html,2026-09-27T23:16:55+08:00
2026-03,上海,一线,二手,100.4,0.4,93.8,-6.2,https://www.stats.gov.cn/sj/zxfb/202604/t20260416_1963320.html,2026-09-27T23:16:55+08:00
2026-03,丹东,三线,二手,99.9,-0.1,96.4,-3.6,https://www.stats.gov.cn/sj/zxfb/202604/t20260416_1963320.html,2026-09-27T23:16:55+08:00
2026-03,乌鲁木齐,二线,二手,99.6,-0.4,94.9,-5.1,https://www.stats.gov.cn/sj/zxfb/202604/t20260416_1963320.html,2026-09-27T23:16:55+08:00
2026-03,九江,三线,二手,99.3,-0.7,92.5,-7.5,https://www.stats.gov.cn/sj/zxfb/202604/t20260416_1963320.html,2026-09-27T23:16:55+08:00
2026-03,兰州,二线,二手,99.9,-0.1,94.3,-5.7,https://www.stats.gov.cn/sj/zxfb/202604/t20260416_1963320.html,2026-09-27T23:16:55+08:00
2026-03,包头,三线,二手,99.7,-0.3,91.8,-8.2,https://www.stats.gov.cn/sj/zxfb/202604/t20260416_1963320.html,2026-09-27T23:16:55+08:00
2026-03,北京,一线,二手,100.6,0.6,91.7,-8.3,https://www.stats.gov.cn/sj/zxfb/202604/t20260416_1963320.html,2026-09-27T23:16:55+08:00
2026-03,北海,三线,二手,99.5,-0.5,92.7,-7.3,https://www.stats.gov.cn/sj/zxfb/202604/t20260416_1963320.html,2026-09-27T23:16:55+08:00
2026-03,南京,二线,二手,100.2,0.2,92.2,-7.8,https://www.stats.gov.cn/sj/zxfb/202604/t20260416_1963320.html,2026-09-27T23:16:55+08:00
2026-03,南充,三线,二手,99.7,-0.3,94.7,-5.3,https://www.stats.gov.cn/sj/zxfb/202604/t20260416_1963320.html,2026-09-27T23:16:55+08:00
2026-03,南宁,二线,二手,99.4,-0.6,93.3,-6.7,https://www.stats.gov.cn/sj/zxfb/202604/t20260416_1963320.html,2026-09-27T23:16:55+08:00
2026-03,南昌,二线,二手,99.7,-0.3,92.6,-7.4,https://www.stats.gov.cn/sj/zxfb/202604/t20260416_1963320.html,2026-09-27T23:16:55+08:00
2026-03,厦门,二线,二手,100.1,0.1,92.9,-7.1,https://www.stats.gov.cn/sj/zxfb/202604/t20260416_1963320.html,2026-09-27T23:16:55+08:00
2026-03,合肥,二线,二手,100.2,0.2,92.8,-7.2,https://www.stats.gov.cn/sj/zxfb/202604/t20260416_1963320.html,2026-09-27T23:16:55+08:00
2026-03,吉林,三线,二手,99.8,-0.2,95.6,-4.4,https://www.stats.gov.cn/sj/zxfb/202604/t20260416_1963320.html,2026-09-27T23:16:55+08:00
2026-03,呼和浩特,二线,二手,99.6,-0.4,93.9,-6.1,https://www.stats.gov.cn/sj/zxfb/202604/t20260416_1963320.html,2026-09-27T23:16:55+08:00
2026-03,哈尔滨,二线,二手,99.8,-0.2,95.2,-4.8,https://www.stats.gov.cn/sj/zxfb/202604/t20260416_1963320.html,2026-09-27T23:16:55+08:00
2026-03,唐山,三线,二手,99.6,-0.4,91.4,-8.6,https://www.stats.gov.cn/sj/zxfb/202604/t20260416_1963320.html,2026-09-27T23:16:55+08:00
2026-03,大理,三线,二手,99.4,-0.6,93.9,-6.1,https://www.stats.gov.cn/sj/zxfb/202604/t20260416_1963320.html,2026-09-27T23:16:55+08:00
2026-03,大连,二线,二手,99.7,-0.3,95.2,-4.8,https://www.stats.gov.cn/sj/zxfb/202604/t20260416_1963320.html,2026-09-27T23:16:55+08:00
2026-03,天津,二线,二手,99.8,-0.2,93.8,-6.2,https://www.stats.gov.cn/sj/zxfb/202604/t20260416_1963320.html,2026-09-27T23:16:55+08:00
2026-03,太原,二线,二手,99.6,-0.4,95.3,-4.7,https://www.stats.gov.cn/sj/zxfb/202604/t20260416_1963320.html,2026-09-27T23:16:55+08:00
2026-03,宁波,二线,二手,100.0,0.0,93.4,-6.6,https://www.stats.gov.cn/sj/zxfb/202604/t20260416_1963320.html,2026-09-27T23:16:55+08:00
2026-03,安庆,三线,二手,99.9,-0.1,93.8,-6.2,https://www.stats.gov.cn/sj/zxfb/202604/t20260416_1963320.html,2026-09-27T23:16:55+08:00
2026-03,宜昌,三线,二手,99.7,-0.3,95.4,-4.6,https://www.stats.gov.cn/sj/zxfb/202604/t20260416_1963320.html,2026-09-27T23:16:55+08:00
2026-03,岳阳,三线,二手,99.5,-0.5,93.4,-6.6,https://www.stats.gov.cn/sj/zxfb/202604/t20260416_1963320.html,2026-09-27T23:16:55+08:00
2026-03,常德,三线,二手,99.4,-0.6,92.0,-8.0,https://www.stats.gov.cn/sj/zxfb/202604/t20260416_1963320.html,2026-09-27T23:16:55+08:00
2026-03,平顶山,三线,二手,99.3,-0.7,92.7,-7.3,https://www.stats.gov.cn/sj/zxfb/202604/t20260416_1963320.html,2026-09-27T23:16:55+08:00
2026-03,广州,一线,二手,100.2,0.2,91.9,-8.1,https://www.stats.gov.cn/sj/zxfb/202604/t20260416_1963320.html,2026-09-27T23:16:55+08:00
2026-03,徐州,三线,二手,100.3,0.3,90.8,-9.2,https://www.stats.gov.cn/sj/zxfb/202604/t20260416_1963320.html,2026-09-27T23:16:55+08:00
2026-03,惠州,三线,二手,99.4,-0.6,93.1,-6.9,https://www.stats.gov.cn/sj/zxfb/202604/t20260416_1963320.html,2026-09-27T23:16:55+08:00
2026-03,成都,二线,二手,99.7,-0.3,94.1,-5.9,https://www.stats.gov.cn/sj/zxfb/202604/t20260416_1963320.html,2026-09-27T23:16:55+08:00
2026-03,扬州,三线,二手,99.4,-0.6,92.6,-7.4,https://www.stats.gov.cn/sj/zxfb/202604/t20260416_1963320.html,2026-09-27T23:16:55+08:00
2026-03,无锡,三线,二手,100.2,0.2,94.0,-6.0,https://www.stats.gov.cn/sj/zxfb/202604/t20260416_1963320.html,2026-09-27T23:16:55+08:00
2026-03,昆明,二线,二手,99.6,-0.4,92.5,-7.5,https://www.stats.gov.cn/sj/zxfb/202604/t20260416_1963320.html,2026-09-27T23:16:55+08:00
2026-03,杭州,二线,二手,99.9,-0.1,94.8,-5.2,https://www.stats.gov.cn/sj/zxfb/202604/t20260416_1963320.html,2026-09-27T23:16:55+08:00
2026-03,桂林,三线,二手,99.5,-0.5,92.5,-7.5,https://www.stats.gov.cn/sj/zxfb/202604/t20260416_1963320.html,2026-09-27T23:16:55+08:00
2026-03,武汉,二线,二手,99.4,-0.6,90.1,-9.9,https://www.stats.gov.cn/sj/zxfb/202604/t20260416_1963320.html,2026-09-27T23:16:55+08:00
2026-03,沈阳,二线,二手,100.1,0.1,97.2,-2.8,https://www.stats.gov.cn/sj/zxfb/202604/t20260416_1963320.html,2026-09-27T23:16:55+08:00
2026-03,泉州,三线,二手,99.7,-0.3,95.5,-4.5,https://www.stats.gov.cn/sj/zxfb/202604/t20260416_1963320.html,2026-09-27T23:16:55+08:00
2026-03,泸州,三线,二手,99.2,-0.8,91.5,-8.5,https://www.stats.gov.cn/sj/zxfb/202604/t20260416_1963320.html,2026-09-27T23:16:55+08:00
2026-03,洛阳,三线,二手,99.4,-0.6,95.3,-4.7,https://www.stats.gov.cn/sj/zxfb/202604/t20260416_1963320.html,2026-09-27T23:16:55+08:00
2026-03,济南,二线,二手,100.1,0.1,94.7,-5.3,https://www.stats.gov.cn/sj/zxfb/202604/t20260416_1963320.html,2026-09-27T23:16:55+08:00
2026-03,济宁,三线,二手,99.8,-0.2,92.8,-7.2,https://www.stats.gov.cn/sj/zxfb/202604/t20260416_1963320.html,2026-09-27T23:16:55+08:00
2026-03,海口,二线,二手,100.1,0.1,93.6,-6.4,https://www.stats.gov.cn/sj/zxfb/202604/t20260416_1963320.html,2026-09-27T23:16:55+08:00
2026-03,深圳,一线,二手,100.4,0.4,93.0,-7.0,https://www.stats.gov.cn/sj/zxfb/202604/t20260416_1963320.html,2026-09-27T23:16:55+08:00
2026-03,温州,三线,二手,99.9,-0.1,93.4,-6.6,https://www.stats.gov.cn/sj/zxfb/202604/t20260416_1963320.html,2026-09-27T23:16:55+08:00
2026-03,湛江,三线,二手,99.5,-0.5,94.5,-5.5,https://www.stats.gov.cn/sj/zxfb/202604/t20260416_1963320.html,2026-09-27T23:16:55+08:00
2026-03,烟台,三线,二手,99.7,-0.3,93.0,-7.0,https://www.stats.gov.cn/sj/zxfb/202604/t20260416_1963320.html,2026-09-27T23:16:55+08:00
2026-03,牡丹江,三线,二手,99.9,-0.1,97.0,-3.0,https://www.stats.gov.cn/sj/zxfb/202604/t20260416_1963320.html,2026-09-27T23:16:55+08:00
2026-03,石家庄,二线,二手,99.7,-0.3,94.3,-5.7,https://www.stats.gov.cn/sj/zxfb/202604/t20260416_1963320.html,2026-09-27T23:16:55+08:00
2026-03,福州,二线,二手,99.6,-0.4,94.0,-6.0,https://www.stats.gov.cn/sj/zxfb/202604/t20260416_1963320.html,2026-09-27T23:16:55+08:00
2026-03,秦皇岛,三线,二手,99.3,-0.7,91.6,-8.4,https://www.stats.gov.cn/sj/zxfb/202604/t20260416_1963320.html,2026-09-27T23:16:55+08:00
2026-03,蚌埠,三线,二手,99.7,-0.3,94.8,-5.2,https://www.stats.gov.cn/sj/zxfb/202604/t20260416_1963320.html,2026-09-27T23:16:55+08:00
2026-03,襄阳,三线,二手,99.4,-0.6,92.7,-7.3,https://www.stats.gov.cn/sj/zxfb/202604/t20260416_1963320.html,2026-09-27T23:16:55+08:00
2026-03,西宁,二线,二手,99.8,-0.2,98.3,-1.7,https://www.stats.gov.cn/sj/zxfb/202604/t20260416_1963320.html,2026-09-27T23:16:55+08:00
2026-03,西安,二线,二手,100.0,0.0,91.2,-8.8,https://www.stats.gov.cn/sj/zxfb/202604/t20260416_1963320.html,2026-09-27T23:16:55+08:00
2026-03,贵阳,二线,二手,99.7,-0.3,94.4,-5.6,https://www.stats.gov.cn/sj/zxfb/202604/t20260416_1963320.html,2026-09-27T23:16:55+08:00
2026-03,赣州,三线,二手,99.7,-0.3,93.5,-6.5,https://www.stats.gov.cn/sj/zxfb/202604/t20260416_1963320.html,2026-09-27T23:16:55+08:00
2026-03,遵义,三线,二手,99.4,-0.6,94.8,-5.2,https://www.stats.gov.cn/sj/zxfb/202604/t20260416_1963320.html,2026-09-27T23:16:55+08:00
2026-03,郑州,二线,二手,99.8,-0.2,91.6,-8.4,https://www.stats.gov.cn/sj/zxfb/202604/t20260416_1963320.html,2026-09-27T23:16:55+08:00
2026-03,重庆,二线,二手,100.1,0.1,94.1,-5.9,https://www.stats.gov.cn/sj/zxfb/202604/t20260416_1963320.html,2026-09-27T23:16:55+08:00
2026-03,金华,三线,二手,99.8,-0.2,93.6,-6.4,https://www.stats.gov.cn/sj/zxfb/202604/t20260416_1963320.html,2026-09-27T23:16:55+08:00
2026-03,银川,二线,二手,99.8,-0.2,93.7,-6.3,https://www.stats.gov.cn/sj/zxfb/202604/t20260416_1963320.html,2026-09-27T23:16:55+08:00
2026-03,锦州,三线,二手,100.0,0.0,96.1,-3.9,https://www.stats.gov.cn/sj/zxfb/202604/t20260416_1963320.html,2026-09-27T23:16:55+08:00
2026-03,长春,二线,二手,99.9,-0.1,95.9,-4.1,https://www.stats.gov.cn/sj/zxfb/202604/t20260416_1963320.html,2026-09-27T23:16:55+08:00
2026-03,长沙,二线,二手,99.8,-0.2,91.7,-8.3,https://www.stats.gov.cn/sj/zxfb/202604/t20260416_1963320.html,2026-09-27T23:16:55+08:00
2026-03,青岛,二线,二手,100.0,0.0,93.2,-6.8,https://www.stats.gov.cn/sj/zxfb/202604/t20260416_1963320.html,2026-09-27T23:16:55+08:00
2026-03,韶关,三线,二手,99.3,-0.7,94.7,-5.3,https://www.stats.gov.cn/sj/zxfb/202604/t20260416_1963320.html,2026-09-27T23:16:55+08:00
2026-03,三亚,三线,新房,99.9,-0.1,99.2,-0.8,https://www.stats.gov.cn/sj/zxfb/202604/t20260416_1963320.html,2026-09-27T23:16:55+08:00
2026-03,上海,一线,新房,100.3,0.3,103.7,3.7,https://www.stats.gov.cn/sj/zxfb/202604/t20260416_1963320.html,2026-09-27T23:16:55+08:00
2026-03,丹东,三线,新房,99.8,-0.2,97.9,-2.1,https://www.stats.gov.cn/sj/zxfb/202604/t20260416_1963320.html,2026-09-27T23:16:55+08:00
2026-03,乌鲁木齐,二线,新房,99.8,-0.2,100.1,0.1,https://www.stats.gov.cn/sj/zxfb/202604/t20260416_1963320.html,2026-09-27T23:16:55+08:00
2026-03,九江,三线,新房,99.6,-0.4,95.9,-4.1,https://www.stats.gov.cn/sj/zxfb/202604/t20260416_1963320.html,2026-09-27T23:16:55+08:00
2026-03,兰州,二线,新房,99.7,-0.3,95.5,-4.5,https://www.stats.gov.cn/sj/zxfb/202604/t20260416_1963320.html,2026-09-27T23:16:55+08:00
2026-03,包头,三线,新房,99.4,-0.6,92.7,-7.3,https://www.stats.gov.cn/sj/zxfb/202604/t20260416_1963320.html,2026-09-27T23:16:55+08:00
2026-03,北京,一线,新房,100.0,0.0,97.9,-2.1,https://www.stats.gov.cn/sj/zxfb/202604/t20260416_1963320.html,2026-09-27T23:16:55+08:00
2026-03,北海,三线,新房,99.7,-0.3,93.9,-6.1,https://www.stats.gov.cn/sj/zxfb/202604/t20260416_1963320.html,2026-09-27T23:16:55+08:00
2026-03,南京,二线,新房,99.7,-0.3,95.9,-4.1,https://www.stats.gov.cn/sj/zxfb/202604/t20260416_1963320.html,2026-09-27T23:16:55+08:00
2026-03,南充,三线,新房,99.6,-0.4,96.6,-3.4,https://www.stats.gov.cn/sj/zxfb/202604/t20260416_1963320.html,2026-09-27T23:16:55+08:00
2026-03,南宁,二线,新房,99.5,-0.5,96.9,-3.1,https://www.stats.gov.cn/sj/zxfb/202604/t20260416_1963320.html,2026-09-27T23:16:55+08:00
2026-03,南昌,二线,新房,99.9,-0.1,94.6,-5.4,https://www.stats.gov.cn/sj/zxfb/202604/t20260416_1963320.html,2026-09-27T23:16:55+08:00
2026-03,厦门,二线,新房,99.8,-0.2,96.8,-3.2,https://www.stats.gov.cn/sj/zxfb/202604/t20260416_1963320.html,2026-09-27T23:16:55+08:00
2026-03,合肥,二线,新房,100.1,0.1,101.2,1.2,https://www.stats.gov.cn/sj/zxfb/202604/t20260416_1963320.html,2026-09-27T23:16:55+08:00
2026-03,吉林,三线,新房,100.2,0.2,97.9,-2.1,https://www.stats.gov.cn/sj/zxfb/202604/t20260416_1963320.html,2026-09-27T23:16:55+08:00
2026-03,呼和浩特,二线,新房,99.7,-0.3,96.0,-4.0,https://www.stats.gov.cn/sj/zxfb/202604/t20260416_1963320.html,2026-09-27T23:16:55+08:00
2026-03,哈尔滨,二线,新房,99.9,-0.1,97.3,-2.7,https://www.stats.gov.cn/sj/zxfb/202604/t20260416_1963320.html,2026-09-27T23:16:55+08:00
2026-03,唐山,三线,新房,99.6,-0.4,93.8,-6.2,https://www.stats.gov.cn/sj/zxfb/202604/t20260416_1963320.html,2026-09-27T23:16:55+08:00
2026-03,大理,三线,新房,99.6,-0.4,95.7,-4.3,https://www.stats.gov.cn/sj/zxfb/202604/t20260416_1963320.html,2026-09-27T23:16:55+08:00
2026-03,大连,二线,新房,100.2,0.2,99.5,-0.5,https://www.stats.gov.cn/sj/zxfb/202604/t20260416_1963320.html,2026-09-27T23:16:55+08:00
2026-03,天津,二线,新房,99.7,-0.3,95.2,-4.8,https://www.stats.gov.cn/sj/zxfb/202604/t20260416_1963320.html,2026-09-27T23:16:55+08:00
2026-03,太原,二线,新房,99.8,-0.2,97.9,-2.1,https://www.stats.gov.cn/sj/zxfb/202604/t20260416_1963320.html,2026-09-27T23:16:55+08:00
2026-03,宁波,二线,新房,100.2,0.2,97.8,-2.2,https://www.stats.gov.cn/sj/zxfb/202604/t20260416_1963320.html,2026-09-27T23:16:55+08:00
2026-03,安庆,三线,新房,99.8,-0.2,96.6,-3.4,https://www.stats.gov.cn/sj/zxfb/202604/t20260416_1963320.html,2026-09-27T23:16:55+08:00
2026-03,宜昌,三线,新房,100.2,0.2,100.0,0.0,https://www.stats.gov.cn/sj/zxfb/202604/t20260416_1963320.html,2026-09-27T23:16:55+08:00
2026-03,岳阳,三线,新房,99.8,-0.2,95.3,-4.7,https://www.stats.gov.cn/sj/zxfb/202604/t20260416_1963320.html,2026-09-27T23:16:55+08:00
2026-03,常德,三线,新房,99.6,-0.4,95.2,-4.8,https://www.stats.gov.cn/sj/zxfb/202604/t20260416_1963320.html,2026-09-27T23:16:55+08:00
2026-03,平顶山,三线,新房,99.9,-0.1,97.9,-2.1,https://www.stats.gov.cn/sj/zxfb/202604/t20260416_1963320.html,2026-09-27T23:16:55+08:00
2026-03,广州,一线,新房,100.3,0.3,95.3,-4.7,https://www.stats.gov.cn/sj/zxfb/202604/t20260416_1963320.html,2026-09-27T23:16:55+08:00
2026-03,徐州,三线,新房,99.6,-0.4,94.8,-5.2,https://www.stats.gov.cn/sj/zxfb/202604/t20260416_1963320.html,2026-09-27T23:16:55+08:00
2026-03,惠州,三线,新房,100.1,0.1,95.6,-4.4,https://www.stats.gov.cn/sj/zxfb/202604/t20260416_1963320.html,2026-09-27T23:16:55+08:00
2026-03,成都,二线,新房,99.7,-0.3,95.5,-4.5,https://www.stats.gov.cn/sj/zxfb/202604/t20260416_1963320.html,2026-09-27T23:16:55+08:00
2026-03,扬州,三线,新房,99.5,-0.5,94.6,-5.4,https://www.stats.gov.cn/sj/zxfb/202604/t20260416_1963320.html,2026-09-27T23:16:55+08:00
2026-03,无锡,三线,新房,99.8,-0.2,95.3,-4.7,https://www.stats.gov.cn/sj/zxfb/202604/t20260416_1963320.html,2026-09-27T23:16:55+08:00
2026-03,昆明,二线,新房,99.8,-0.2,93.7,-6.3,https://www.stats.gov.cn/sj/zxfb/202604/t20260416_1963320.html,2026-09-27T23:16:55+08:00
2026-03,杭州,二线,新房,100.2,0.2,102.4,2.4,https://www.stats.gov.cn/sj/zxfb/202604/t20260416_1963320.html,2026-09-27T23:16:55+08:00
2026-03,桂林,三线,新房,99.6,-0.4,94.4,-5.6,https://www.stats.gov.cn/sj/zxfb/202604/t20260416_1963320.html,2026-09-27T23:16:55+08:00
2026-03,武汉,二线,新房,99.5,-0.5,95.9,-4.1,https://www.stats.gov.cn/sj/zxfb/202604/t20260416_1963320.html,2026-09-27T23:16:55+08:00
2026-03,沈阳,二线,新房,99.9,-0.1,99.7,-0.3,https://www.stats.gov.cn/sj/zxfb/202604/t20260416_1963320.html,2026-09-27T23:16:55+08:00
2026-03,泉州,三线,新房,99.9,-0.1,96.7,-3.3,https://www.stats.gov.cn/sj/zxfb/202604/t20260416_1963320.html,2026-09-27T23:16:55+08:00
2026-03,泸州,三线,新房,99.4,-0.6,93.1,-6.9,https://www.stats.gov.cn/sj/zxfb/202604/t20260416_1963320.html,2026-09-27T23:16:55+08:00
2026-03,洛阳,三线,新房,99.3,-0.7,95.1,-4.9,https://www.stats.gov.cn/sj/zxfb/202604/t20260416_1963320.html,2026-09-27T23:16:55+08:00
2026-03,济南,二线,新房,99.9,-0.1,96.4,-3.6,https://www.stats.gov.cn/sj/zxfb/202604/t20260416_1963320.html,2026-09-27T23:16:55+08:00
2026-03,济宁,三线,新房,99.7,-0.3,95.0,-5.0,https://www.stats.gov.cn/sj/zxfb/202604/t20260416_1963320.html,2026-09-27T23:16:55+08:00
2026-03,海口,二线,新房,99.8,-0.2,94.5,-5.5,https://www.stats.gov.cn/sj/zxfb/202604/t20260416_1963320.html,2026-09-27T23:16:55+08:00
2026-03,深圳,一线,新房,100.2,0.2,94.5,-5.5,https://www.stats.gov.cn/sj/zxfb/202604/t20260416_1963320.html,2026-09-27T23:16:55+08:00
2026-03,温州,三线,新房,100.0,0.0,95.8,-4.2,https://www.stats.gov.cn/sj/zxfb/202604/t20260416_1963320.html,2026-09-27T23:16:55+08:00
2026-03,湛江,三线,新房,99.6,-0.4,95.5,-4.5,https://www.stats.gov.cn/sj/zxfb/202604/t20260416_1963320.html,2026-09-27T23:16:55+08:00
2026-03,烟台,三线,新房,100.1,0.1,96.3,-3.7,https://www.stats.gov.cn/sj/zxfb/202604/t20260416_1963320.html,2026-09-27T23:16:55+08:00
2026-03,牡丹江,三线,新房,100.1,0.1,98.6,-1.4,https://www.stats.gov.cn/sj/zxfb/202604/t20260416_1963320.html,2026-09-27T23:16:55+08:00
2026-03,石家庄,二线,新房,99.4,-0.6,95.3,-4.7,https://www.stats.gov.cn/sj/zxfb/202604/t20260416_1963320.html,2026-09-27T23:16:55+08:00
2026-03,福州,二线,新房,99.5,-0.5,95.3,-4.7,https://www.stats.gov.cn/sj/zxfb/202604/t20260416_1963320.html,2026-09-27T23:16:55+08:00
2026-03,秦皇岛,三线,新房,99.5,-0.5,94.8,-5.2,https://www.stats.gov.cn/sj/zxfb/202604/t20260416_1963320.html,2026-09-27T23:16:55+08:00
2026-03,蚌埠,三线,新房,99.8,-0.2,96.3,-3.7,https://www.stats.gov.cn/sj/zxfb/202604/t20260416_1963320.html,2026-09-27T23:16:55+08:00
2026-03,襄阳,三线,新房,99.3,-0.7,94.7,-5.3,https://www.stats.gov.cn/sj/zxfb/202604/t20260416_1963320.html,2026-09-27T23:16:55+08:00
2026-03,西宁,二线,新房,99.7,-0.3,96.7,-3.3,https://www.stats.gov.cn/sj/zxfb/202604/t20260416_1963320.html,2026-09-27T23:16:55+08:00
2026-03,西安,二线,新房,99.8,-0.2,94.5,-5.5,https://www.stats.gov.cn/sj/zxfb/202604/t20260416_1963320.html,2026-09-27T23:16:55+08:00
2026-03,贵阳,二线,新房,99.4,-0.6,95.9,-4.1,https://www.stats.gov.cn/sj/zxfb/202604/t20260416_1963320.html,2026-09-27T23:16:55+08:00
2026-03,赣州,三线,新房,99.9,-0.1,95.6,-4.4,https://www.stats.gov.cn/sj/zxfb/202604/t20260416_1963320.html,2026-09-27T23:16:55+08:00
2026-03,遵义,三线,新房,99.8,-0.2,96.8,-3.2,https://www.stats.gov.cn/sj/zxfb/202604/t20260416_1963320.html,2026-09-27T23:16:55+08:00
2026-03,郑州,二线,新房,99.9,-0.1,94.4,-5.6,https://www.stats.gov.cn/sj/zxfb/202604/t20260416_1963320.html,2026-09-27T23:16:55+08:00
2026-03,重庆,二线,新房,99.5,-0.5,95.6,-4.4,https://www.stats.gov.cn/sj/zxfb/202604/t20260416_1963320.html,2026-09-27T23:16:55+08:00
2026-03,金华,三线,新房,99.7,-0.3,95.7,-4.3,https://www.stats.gov.cn/sj/zxfb/202604/t20260416_1963320.html,2026-09-27T23:16:55+08:00
2026-03,银川,二线,新房,100.2,0.2,96.7,-3.3,https://www.stats.gov.cn/sj/zxfb/202604/t20260416_1963320.html,2026-09-27T23:16:55+08:00
2026-03,锦州,三线,新房,99.9,-0.1,96.9,-3.1,https://www.stats.gov.cn/sj/zxfb/202604/t20260416_1963320.html,2026-09-27T23:16:55+08:00
2026-03,长春,二线,新房,99.7,-0.3,97.8,-2.2,https://www.stats.gov.cn/sj/zxfb/202604/t20260416_1963320.html,2026-09-27T23:16:55+08:00
2026-03,长沙,二线,新房,99.9,-0.1,97.0,-3.0,https://www.stats.gov.cn/sj/zxfb/202604/t20260416_1963320.html,2026-09-27T23:16:55+08:00
2026-03,青岛,二线,新房,100.1,0.1,96.9,-3.1,https://www.stats.gov.cn/sj/zxfb/202604/t20260416_1963320.html,2026-09-27T23:16:55+08:00
2026-03,韶关,三线,新房,99.3,-0.7,98.1,-1.9,https://www.stats.gov.cn/sj/zxfb/202604/t20260416_1963320.html,2026-09-27T23:16:55+08:00
2026-04,三亚,三线,二手,99.3,-0.7,92.8,-7.2,https://www.stats.gov.cn/sj/zxfb/202605/t20260518_1963715.html,2026-09-27T23:16:55+08:00
2026-04,上海,一线,二手,100.7,0.7,94.4,-5.6,https://www.stats.gov.cn/sj/zxfb/202605/t20260518_1963715.html,2026-09-27T23:16:55+08:00
2026-04,丹东,三线,二手,99.9,-0.1,96.2,-3.8,https://www.stats.gov.cn/sj/zxfb/202605/t20260518_1963715.html,2026-09-27T23:16:55+08:00
2026-04,乌鲁木齐,二线,二手,99.9,-0.1,95.4,-4.6,https://www.stats.gov.cn/sj/zxfb/202605/t20260518_1963715.html,2026-09-27T23:16:55+08:00
2026-04,九江,三线,二手,99.6,-0.4,92.2,-7.8,https://www.stats.gov.cn/sj/zxfb/202605/t20260518_1963715.html,2026-09-27T23:16:55+08:00
2026-04,兰州,二线,二手,99.8,-0.2,94.4,-5.6,https://www.stats.gov.cn/sj/zxfb/202605/t20260518_1963715.html,2026-09-27T23:16:55+08:00
2026-04,包头,三线,二手,99.8,-0.2,91.9,-8.1,https://www.stats.gov.cn/sj/zxfb/202605/t20260518_1963715.html,2026-09-27T23:16:55+08:00
2026-04,北京,一线,二手,100.4,0.4,92.6,-7.4,https://www.stats.gov.cn/sj/zxfb/202605/t20260518_1963715.html,2026-09-27T23:16:55+08:00
2026-04,北海,三线,二手,99.5,-0.5,92.8,-7.2,https://www.stats.gov.cn/sj/zxfb/202605/t20260518_1963715.html,2026-09-27T23:16:55+08:00
2026-04,南京,二线,二手,100.0,0.0,92.8,-7.2,https://www.stats.gov.cn/sj/zxfb/202605/t20260518_1963715.html,2026-09-27T23:16:55+08:00
2026-04,南充,三线,二手,99.5,-0.5,94.5,-5.5,https://www.stats.gov.cn/sj/zxfb/202605/t20260518_1963715.html,2026-09-27T23:16:55+08:00
2026-04,南宁,二线,二手,99.5,-0.5,93.3,-6.7,https://www.stats.gov.cn/sj/zxfb/202605/t20260518_1963715.html,2026-09-27T23:16:55+08:00
2026-04,南昌,二线,二手,99.6,-0.4,92.7,-7.3,https://www.stats.gov.cn/sj/zxfb/202605/t20260518_1963715.html,2026-09-27T23:16:55+08:00
2026-04,厦门,二线,二手,100.2,0.2,93.6,-6.4,https://www.stats.gov.cn/sj/zxfb/202605/t20260518_1963715.html,2026-09-27T23:16:55+08:00
2026-04,合肥,二线,二手,100.1,0.1,93.2,-6.8,https://www.stats.gov.cn/sj/zxfb/202605/t20260518_1963715.html,2026-09-27T23:16:55+08:00
2026-04,吉林,三线,二手,99.6,-0.4,95.7,-4.3,https://www.stats.gov.cn/sj/zxfb/202605/t20260518_1963715.html,2026-09-27T23:16:55+08:00
2026-04,呼和浩特,二线,二手,99.7,-0.3,94.1,-5.9,https://www.stats.gov.cn/sj/zxfb/202605/t20260518_1963715.html,2026-09-27T23:16:55+08:00
2026-04,哈尔滨,二线,二手,99.6,-0.4,95.2,-4.8,https://www.stats.gov.cn/sj/zxfb/202605/t20260518_1963715.html,2026-09-27T23:16:55+08:00
2026-04,唐山,三线,二手,99.6,-0.4,91.8,-8.2,https://www.stats.gov.cn/sj/zxfb/202605/t20260518_1963715.html,2026-09-27T23:16:55+08:00
2026-04,大理,三线,二手,99.5,-0.5,93.8,-6.2,https://www.stats.gov.cn/sj/zxfb/202605/t20260518_1963715.html,2026-09-27T23:16:55+08:00
2026-04,大连,二线,二手,100.0,0.0,95.4,-4.6,https://www.stats.gov.cn/sj/zxfb/202605/t20260518_1963715.html,2026-09-27T23:16:55+08:00
2026-04,天津,二线,二手,99.7,-0.3,93.7,-6.3,https://www.stats.gov.cn/sj/zxfb/202605/t20260518_1963715.html,2026-09-27T23:16:55+08:00
2026-04,太原,二线,二手,99.7,-0.3,95.6,-4.4,https://www.stats.gov.cn/sj/zxfb/202605/t20260518_1963715.html,2026-09-27T23:16:55+08:00
2026-04,宁波,二线,二手,100.1,0.1,94.1,-5.9,https://www.stats.gov.cn/sj/zxfb/202605/t20260518_1963715.html,2026-09-27T23:16:55+08:00
2026-04,安庆,三线,二手,99.9,-0.1,94.4,-5.6,https://www.stats.gov.cn/sj/zxfb/202605/t20260518_1963715.html,2026-09-27T23:16:55+08:00
2026-04,宜昌,三线,二手,99.7,-0.3,95.3,-4.7,https://www.stats.gov.cn/sj/zxfb/202605/t20260518_1963715.html,2026-09-27T23:16:55+08:00
2026-04,岳阳,三线,二手,99.4,-0.6,93.3,-6.7,https://www.stats.gov.cn/sj/zxfb/202605/t20260518_1963715.html,2026-09-27T23:16:55+08:00
2026-04,常德,三线,二手,99.6,-0.4,92.2,-7.8,https://www.stats.gov.cn/sj/zxfb/202605/t20260518_1963715.html,2026-09-27T23:16:55+08:00
2026-04,平顶山,三线,二手,99.2,-0.8,92.4,-7.6,https://www.stats.gov.cn/sj/zxfb/202605/t20260518_1963715.html,2026-09-27T23:16:55+08:00
2026-04,广州,一线,二手,100.2,0.2,92.1,-7.9,https://www.stats.gov.cn/sj/zxfb/202605/t20260518_1963715.html,2026-09-27T23:16:55+08:00
2026-04,徐州,三线,二手,100.5,0.5,92.3,-7.7,https://www.stats.gov.cn/sj/zxfb/202605/t20260518_1963715.html,2026-09-27T23:16:55+08:00
2026-04,惠州,三线,二手,99.7,-0.3,93.8,-6.2,https://www.stats.gov.cn/sj/zxfb/202605/t20260518_1963715.html,2026-09-27T23:16:55+08:00
2026-04,成都,二线,二手,99.9,-0.1,93.9,-6.1,https://www.stats.gov.cn/sj/zxfb/202605/t20260518_1963715.html,2026-09-27T23:16:55+08:00
2026-04,扬州,三线,二手,99.2,-0.8,92.4,-7.6,https://www.stats.gov.cn/sj/zxfb/202605/t20260518_1963715.html,2026-09-27T23:16:55+08:00
2026-04,无锡,三线,二手,100.0,0.0,94.4,-5.6,https://www.stats.gov.cn/sj/zxfb/202605/t20260518_1963715.html,2026-09-27T23:16:55+08:00
2026-04,昆明,二线,二手,99.5,-0.5,92.9,-7.1,https://www.stats.gov.cn/sj/zxfb/202605/t20260518_1963715.html,2026-09-27T23:16:55+08:00
2026-04,杭州,二线,二手,99.9,-0.1,95.0,-5.0,https://www.stats.gov.cn/sj/zxfb/202605/t20260518_1963715.html,2026-09-27T23:16:55+08:00
2026-04,桂林,三线,二手,99.4,-0.6,92.6,-7.4,https://www.stats.gov.cn/sj/zxfb/202605/t20260518_1963715.html,2026-09-27T23:16:55+08:00
2026-04,武汉,二线,二手,100.1,0.1,90.6,-9.4,https://www.stats.gov.cn/sj/zxfb/202605/t20260518_1963715.html,2026-09-27T23:16:55+08:00
2026-04,沈阳,二线,二手,100.1,0.1,97.7,-2.3,https://www.stats.gov.cn/sj/zxfb/202605/t20260518_1963715.html,2026-09-27T23:16:55+08:00
2026-04,泉州,三线,二手,99.9,-0.1,95.6,-4.4,https://www.stats.gov.cn/sj/zxfb/202605/t20260518_1963715.html,2026-09-27T23:16:55+08:00
2026-04,泸州,三线,二手,99.4,-0.6,91.0,-9.0,https://www.stats.gov.cn/sj/zxfb/202605/t20260518_1963715.html,2026-09-27T23:16:55+08:00
2026-04,洛阳,三线,二手,99.5,-0.5,94.9,-5.1,https://www.stats.gov.cn/sj/zxfb/202605/t20260518_1963715.html,2026-09-27T23:16:55+08:00
2026-04,济南,二线,二手,99.8,-0.2,94.6,-5.4,https://www.stats.gov.cn/sj/zxfb/202605/t20260518_1963715.html,2026-09-27T23:16:55+08:00
2026-04,济宁,三线,二手,99.8,-0.2,93.3,-6.7,https://www.stats.gov.cn/sj/zxfb/202605/t20260518_1963715.html,2026-09-27T23:16:55+08:00
2026-04,海口,二线,二手,100.1,0.1,93.9,-6.1,https://www.stats.gov.cn/sj/zxfb/202605/t20260518_1963715.html,2026-09-27T23:16:55+08:00
2026-04,深圳,一线,二手,100.3,0.3,93.5,-6.5,https://www.stats.gov.cn/sj/zxfb/202605/t20260518_1963715.html,2026-09-27T23:16:55+08:00
2026-04,温州,三线,二手,99.7,-0.3,93.4,-6.6,https://www.stats.gov.cn/sj/zxfb/202605/t20260518_1963715.html,2026-09-27T23:16:55+08:00
2026-04,湛江,三线,二手,99.5,-0.5,94.3,-5.7,https://www.stats.gov.cn/sj/zxfb/202605/t20260518_1963715.html,2026-09-27T23:16:55+08:00
2026-04,烟台,三线,二手,99.9,-0.1,93.4,-6.6,https://www.stats.gov.cn/sj/zxfb/202605/t20260518_1963715.html,2026-09-27T23:16:55+08:00
2026-04,牡丹江,三线,二手,99.7,-0.3,97.5,-2.5,https://www.stats.gov.cn/sj/zxfb/202605/t20260518_1963715.html,2026-09-27T23:16:55+08:00
2026-04,石家庄,二线,二手,99.5,-0.5,94.0,-6.0,https://www.stats.gov.cn/sj/zxfb/202605/t20260518_1963715.html,2026-09-27T23:16:55+08:00
2026-04,福州,二线,二手,99.9,-0.1,94.2,-5.8,https://www.stats.gov.cn/sj/zxfb/202605/t20260518_1963715.html,2026-09-27T23:16:55+08:00
2026-04,秦皇岛,三线,二手,99.4,-0.6,91.8,-8.2,https://www.stats.gov.cn/sj/zxfb/202605/t20260518_1963715.html,2026-09-27T23:16:55+08:00
2026-04,蚌埠,三线,二手,99.8,-0.2,94.9,-5.1,https://www.stats.gov.cn/sj/zxfb/202605/t20260518_1963715.html,2026-09-27T23:16:55+08:00
2026-04,襄阳,三线,二手,99.7,-0.3,92.7,-7.3,https://www.stats.gov.cn/sj/zxfb/202605/t20260518_1963715.html,2026-09-27T23:16:55+08:00
2026-04,西宁,二线,二手,99.7,-0.3,98.0,-2.0,https://www.stats.gov.cn/sj/zxfb/202605/t20260518_1963715.html,2026-09-27T23:16:55+08:00
2026-04,西安,二线,二手,100.4,0.4,91.9,-8.1,https://www.stats.gov.cn/sj/zxfb/202605/t20260518_1963715.html,2026-09-27T23:16:55+08:00
2026-04,贵阳,二线,二手,99.5,-0.5,94.3,-5.7,https://www.stats.gov.cn/sj/zxfb/202605/t20260518_1963715.html,2026-09-27T23:16:55+08:00
2026-04,赣州,三线,二手,99.8,-0.2,93.1,-6.9,https://www.stats.gov.cn/sj/zxfb/202605/t20260518_1963715.html,2026-09-27T23:16:55+08:00
2026-04,遵义,三线,二手,99.6,-0.4,94.9,-5.1,https://www.stats.gov.cn/sj/zxfb/202605/t20260518_1963715.html,2026-09-27T23:16:55+08:00
2026-04,郑州,二线,二手,99.9,-0.1,92.2,-7.8,https://www.stats.gov.cn/sj/zxfb/202605/t20260518_1963715.html,2026-09-27T23:16:55+08:00
2026-04,重庆,二线,二手,100.0,0.0,94.3,-5.7,https://www.stats.gov.cn/sj/zxfb/202605/t20260518_1963715.html,2026-09-27T23:16:55+08:00
2026-04,金华,三线,二手,99.7,-0.3,93.8,-6.2,https://www.stats.gov.cn/sj/zxfb/202605/t20260518_1963715.html,2026-09-27T23:16:55+08:00
2026-04,银川,二线,二手,99.5,-0.5,93.4,-6.6,https://www.stats.gov.cn/sj/zxfb/202605/t20260518_1963715.html,2026-09-27T23:16:55+08:00
2026-04,锦州,三线,二手,99.9,-0.1,96.6,-3.4,https://www.stats.gov.cn/sj/zxfb/202605/t20260518_1963715.html,2026-09-27T23:16:55+08:00
2026-04,长春,二线,二手,99.8,-0.2,95.9,-4.1,https://www.stats.gov.cn/sj/zxfb/202605/t20260518_1963715.html,2026-09-27T23:16:55+08:00
2026-04,长沙,二线,二手,99.7,-0.3,91.8,-8.2,https://www.stats.gov.cn/sj/zxfb/202605/t20260518_1963715.html,2026-09-27T23:16:55+08:00
2026-04,青岛,二线,二手,99.9,-0.1,93.3,-6.7,https://www.stats.gov.cn/sj/zxfb/202605/t20260518_1963715.html,2026-09-27T23:16:55+08:00
2026-04,韶关,三线,二手,99.3,-0.7,94.6,-5.4,https://www.stats.gov.cn/sj/zxfb/202605/t20260518_1963715.html,2026-09-27T23:16:55+08:00
2026-04,三亚,三线,新房,99.6,-0.4,98.7,-1.3,https://www.stats.gov.cn/sj/zxfb/202605/t20260518_1963715.html,2026-09-27T23:16:55+08:00
2026-04,上海,一线,新房,100.4,0.4,103.7,3.7,https://www.stats.gov.cn/sj/zxfb/202605/t20260518_1963715.html,2026-09-27T23:16:55+08:00
2026-04,丹东,三线,新房,99.9,-0.1,98.0,-2.0,https://www.stats.gov.cn/sj/zxfb/202605/t20260518_1963715.html,2026-09-27T23:16:55+08:00
2026-04,乌鲁木齐,二线,新房,100.2,0.2,100.1,0.1,https://www.stats.gov.cn/sj/zxfb/202605/t20260518_1963715.html,2026-09-27T23:16:55+08:00
2026-04,九江,三线,新房,99.5,-0.5,95.9,-4.1,https://www.stats.gov.cn/sj/zxfb/202605/t20260518_1963715.html,2026-09-27T23:16:55+08:00
2026-04,兰州,二线,新房,99.9,-0.1,95.8,-4.2,https://www.stats.gov.cn/sj/zxfb/202605/t20260518_1963715.html,2026-09-27T23:16:55+08:00
2026-04,包头,三线,新房,99.7,-0.3,92.7,-7.3,https://www.stats.gov.cn/sj/zxfb/202605/t20260518_1963715.html,2026-09-27T23:16:55+08:00
2026-04,北京,一线,新房,99.8,-0.2,97.7,-2.3,https://www.stats.gov.cn/sj/zxfb/202605/t20260518_1963715.html,2026-09-27T23:16:55+08:00
2026-04,北海,三线,新房,99.4,-0.6,93.8,-6.2,https://www.stats.gov.cn/sj/zxfb/202605/t20260518_1963715.html,2026-09-27T23:16:55+08:00
2026-04,南京,二线,新房,100.3,0.3,96.6,-3.4,https://www.stats.gov.cn/sj/zxfb/202605/t20260518_1963715.html,2026-09-27T23:16:55+08:00
2026-04,南充,三线,新房,99.4,-0.6,96.2,-3.8,https://www.stats.gov.cn/sj/zxfb/202605/t20260518_1963715.html,2026-09-27T23:16:55+08:00
2026-04,南宁,二线,新房,99.8,-0.2,96.6,-3.4,https://www.stats.gov.cn/sj/zxfb/202605/t20260518_1963715.html,2026-09-27T23:16:55+08:00
2026-04,南昌,二线,新房,99.5,-0.5,94.5,-5.5,https://www.stats.gov.cn/sj/zxfb/202605/t20260518_1963715.html,2026-09-27T23:16:55+08:00
2026-04,厦门,二线,新房,99.9,-0.1,96.6,-3.4,https://www.stats.gov.cn/sj/zxfb/202605/t20260518_1963715.html,2026-09-27T23:16:55+08:00
2026-04,合肥,二线,新房,100.0,0.0,100.9,0.9,https://www.stats.gov.cn/sj/zxfb/202605/t20260518_1963715.html,2026-09-27T23:16:55+08:00
2026-04,吉林,三线,新房,100.4,0.4,98.6,-1.4,https://www.stats.gov.cn/sj/zxfb/202605/t20260518_1963715.html,2026-09-27T23:16:55+08:00
2026-04,呼和浩特,二线,新房,99.8,-0.2,96.1,-3.9,https://www.stats.gov.cn/sj/zxfb/202605/t20260518_1963715.html,2026-09-27T23:16:55+08:00
2026-04,哈尔滨,二线,新房,99.9,-0.1,97.6,-2.4,https://www.stats.gov.cn/sj/zxfb/202605/t20260518_1963715.html,2026-09-27T23:16:55+08:00
2026-04,唐山,三线,新房,99.5,-0.5,93.8,-6.2,https://www.stats.gov.cn/sj/zxfb/202605/t20260518_1963715.html,2026-09-27T23:16:55+08:00
2026-04,大理,三线,新房,100.2,0.2,96.5,-3.5,https://www.stats.gov.cn/sj/zxfb/202605/t20260518_1963715.html,2026-09-27T23:16:55+08:00
2026-04,大连,二线,新房,100.2,0.2,99.2,-0.8,https://www.stats.gov.cn/sj/zxfb/202605/t20260518_1963715.html,2026-09-27T23:16:55+08:00
2026-04,天津,二线,新房,100.0,0.0,94.9,-5.1,https://www.stats.gov.cn/sj/zxfb/202605/t20260518_1963715.html,2026-09-27T23:16:55+08:00
2026-04,太原,二线,新房,100.2,0.2,97.8,-2.2,https://www.stats.gov.cn/sj/zxfb/202605/t20260518_1963715.html,2026-09-27T23:16:55+08:00
2026-04,宁波,二线,新房,100.1,0.1,98.0,-2.0,https://www.stats.gov.cn/sj/zxfb/202605/t20260518_1963715.html,2026-09-27T23:16:55+08:00
2026-04,安庆,三线,新房,99.6,-0.4,96.6,-3.4,https://www.stats.gov.cn/sj/zxfb/202605/t20260518_1963715.html,2026-09-27T23:16:55+08:00
2026-04,宜昌,三线,新房,99.6,-0.4,99.7,-0.3,https://www.stats.gov.cn/sj/zxfb/202605/t20260518_1963715.html,2026-09-27T23:16:55+08:00
2026-04,岳阳,三线,新房,99.6,-0.4,95.4,-4.6,https://www.stats.gov.cn/sj/zxfb/202605/t20260518_1963715.html,2026-09-27T23:16:55+08:00
2026-04,常德,三线,新房,99.7,-0.3,95.0,-5.0,https://www.stats.gov.cn/sj/zxfb/202605/t20260518_1963715.html,2026-09-27T23:16:55+08:00
2026-04,平顶山,三线,新房,99.7,-0.3,97.5,-2.5,https://www.stats.gov.cn/sj/zxfb/202605/t20260518_1963715.html,2026-09-27T23:16:55+08:00
2026-04,广州,一线,新房,100.1,0.1,95.6,-4.4,https://www.stats.gov.cn/sj/zxfb/202605/t20260518_1963715.html,2026-09-27T23:16:55+08:00
2026-04,徐州,三线,新房,100.0,0.0,95.1,-4.9,https://www.stats.gov.cn/sj/zxfb/202605/t20260518_1963715.html,2026-09-27T23:16:55+08:00
2026-04,惠州,三线,新房,99.2,-0.8,94.8,-5.2,https://www.stats.gov.cn/sj/zxfb/202605/t20260518_1963715.html,2026-09-27T23:16:55+08:00
2026-04,成都,二线,新房,99.8,-0.2,95.0,-5.0,https://www.stats.gov.cn/sj/zxfb/202605/t20260518_1963715.html,2026-09-27T23:16:55+08:00
2026-04,扬州,三线,新房,99.8,-0.2,94.5,-5.5,https://www.stats.gov.cn/sj/zxfb/202605/t20260518_1963715.html,2026-09-27T23:16:55+08:00
2026-04,无锡,三线,新房,99.6,-0.4,95.2,-4.8,https://www.stats.gov.cn/sj/zxfb/202605/t20260518_1963715.html,2026-09-27T23:16:55+08:00
2026-04,昆明,二线,新房,99.6,-0.4,93.7,-6.3,https://www.stats.gov.cn/sj/zxfb/202605/t20260518_1963715.html,2026-09-27T23:16:55+08:00
2026-04,杭州,二线,新房,100.4,0.4,102.3,2.3,https://www.stats.gov.cn/sj/zxfb/202605/t20260518_1963715.html,2026-09-27T23:16:55+08:00
2026-04,桂林,三线,新房,99.5,-0.5,94.0,-6.0,https://www.stats.gov.cn/sj/zxfb/202605/t20260518_1963715.html,2026-09-27T23:16:55+08:00
2026-04,武汉,二线,新房,100.0,0.0,96.1,-3.9,https://www.stats.gov.cn/sj/zxfb/202605/t20260518_1963715.html,2026-09-27T23:16:55+08:00
2026-04,沈阳,二线,新房,100.0,0.0,100.1,0.1,https://www.stats.gov.cn/sj/zxfb/202605/t20260518_1963715.html,2026-09-27T23:16:55+08:00
2026-04,泉州,三线,新房,99.8,-0.2,96.2,-3.8,https://www.stats.gov.cn/sj/zxfb/202605/t20260518_1963715.html,2026-09-27T23:16:55+08:00
2026-04,泸州,三线,新房,99.3,-0.7,92.8,-7.2,https://www.stats.gov.cn/sj/zxfb/202605/t20260518_1963715.html,2026-09-27T23:16:55+08:00
2026-04,洛阳,三线,新房,99.4,-0.6,94.7,-5.3,https://www.stats.gov.cn/sj/zxfb/202605/t20260518_1963715.html,2026-09-27T23:16:55+08:00
2026-04,济南,二线,新房,99.8,-0.2,96.2,-3.8,https://www.stats.gov.cn/sj/zxfb/202605/t20260518_1963715.html,2026-09-27T23:16:55+08:00
2026-04,济宁,三线,新房,99.9,-0.1,95.2,-4.8,https://www.stats.gov.cn/sj/zxfb/202605/t20260518_1963715.html,2026-09-27T23:16:55+08:00
2026-04,海口,二线,新房,100.0,0.0,94.6,-5.4,https://www.stats.gov.cn/sj/zxfb/202605/t20260518_1963715.html,2026-09-27T23:16:55+08:00
2026-04,深圳,一线,新房,100.1,0.1,94.7,-5.3,https://www.stats.gov.cn/sj/zxfb/202605/t20260518_1963715.html,2026-09-27T23:16:55+08:00
2026-04,温州,三线,新房,99.9,-0.1,96.0,-4.0,https://www.stats.gov.cn/sj/zxfb/202605/t20260518_1963715.html,2026-09-27T23:16:55+08:00
2026-04,湛江,三线,新房,99.8,-0.2,95.4,-4.6,https://www.stats.gov.cn/sj/zxfb/202605/t20260518_1963715.html,2026-09-27T23:16:55+08:00
2026-04,烟台,三线,新房,100.2,0.2,96.4,-3.6,https://www.stats.gov.cn/sj/zxfb/202605/t20260518_1963715.html,2026-09-27T23:16:55+08:00
2026-04,牡丹江,三线,新房,99.9,-0.1,98.7,-1.3,https://www.stats.gov.cn/sj/zxfb/202605/t20260518_1963715.html,2026-09-27T23:16:55+08:00
2026-04,石家庄,二线,新房,99.8,-0.2,95.3,-4.7,https://www.stats.gov.cn/sj/zxfb/202605/t20260518_1963715.html,2026-09-27T23:16:55+08:00
2026-04,福州,二线,新房,99.7,-0.3,94.7,-5.3,https://www.stats.gov.cn/sj/zxfb/202605/t20260518_1963715.html,2026-09-27T23:16:55+08:00
2026-04,秦皇岛,三线,新房,99.5,-0.5,94.6,-5.4,https://www.stats.gov.cn/sj/zxfb/202605/t20260518_1963715.html,2026-09-27T23:16:55+08:00
2026-04,蚌埠,三线,新房,99.7,-0.3,96.5,-3.5,https://www.stats.gov.cn/sj/zxfb/202605/t20260518_1963715.html,2026-09-27T23:16:55+08:00
2026-04,襄阳,三线,新房,100.0,0.0,94.7,-5.3,https://www.stats.gov.cn/sj/zxfb/202605/t20260518_1963715.html,2026-09-27T23:16:55+08:00
2026-04,西宁,二线,新房,99.4,-0.6,96.4,-3.6,https://www.stats.gov.cn/sj/zxfb/202605/t20260518_1963715.html,2026-09-27T23:16:55+08:00
2026-04,西安,二线,新房,99.7,-0.3,94.4,-5.6,https://www.stats.gov.cn/sj/zxfb/202605/t20260518_1963715.html,2026-09-27T23:16:55+08:00
2026-04,贵阳,二线,新房,99.7,-0.3,95.8,-4.2,https://www.stats.gov.cn/sj/zxfb/202605/t20260518_1963715.html,2026-09-27T23:16:55+08:00
2026-04,赣州,三线,新房,99.8,-0.2,95.5,-4.5,https://www.stats.gov.cn/sj/zxfb/202605/t20260518_1963715.html,2026-09-27T23:16:55+08:00
2026-04,遵义,三线,新房,99.5,-0.5,96.2,-3.8,https://www.stats.gov.cn/sj/zxfb/202605/t20260518_1963715.html,2026-09-27T23:16:55+08:00
2026-04,郑州,二线,新房,99.9,-0.1,94.1,-5.9,https://www.stats.gov.cn/sj/zxfb/202605/t20260518_1963715.html,2026-09-27T23:16:55+08:00
2026-04,重庆,二线,新房,99.9,-0.1,95.2,-4.8,https://www.stats.gov.cn/sj/zxfb/202605/t20260518_1963715.html,2026-09-27T23:16:55+08:00
2026-04,金华,三线,新房,99.8,-0.2,95.6,-4.4,https://www.stats.gov.cn/sj/zxfb/202605/t20260518_1963715.html,2026-09-27T23:16:55+08:00
2026-04,银川,二线,新房,100.1,0.1,97.3,-2.7,https://www.stats.gov.cn/sj/zxfb/202605/t20260518_1963715.html,2026-09-27T23:16:55+08:00
2026-04,锦州,三线,新房,99.8,-0.2,97.3,-2.7,https://www.stats.gov.cn/sj/zxfb/202605/t20260518_1963715.html,2026-09-27T23:16:55+08:00
2026-04,长春,二线,新房,99.6,-0.4,97.7,-2.3,https://www.stats.gov.cn/sj/zxfb/202605/t20260518_1963715.html,2026-09-27T23:16:55+08:00
2026-04,长沙,二线,新房,99.8,-0.2,96.6,-3.4,https://www.stats.gov.cn/sj/zxfb/202605/t20260518_1963715.html,2026-09-27T23:16:55+08:00
2026-04,青岛,二线,新房,100.1,0.1,97.0,-3.0,https://www.stats.gov.cn/sj/zxfb/202605/t20260518_1963715.html,2026-09-27T23:16:55+08:00
2026-04,韶关,三线,新房,99.2,-0.8,97.6,-2.4,https://www.stats.gov.cn/sj/zxfb/202605/t20260518_1963715.html,2026-09-27T23:16:55+08:00
2026-05,三亚,三线,二手,99.4,-0.6,92.8,-7.2,https://www.stats.gov.cn/sj/zxfb/202606/t20260616_1963946.html,2026-09-27T23:16:55+08:00
2026-05,上海,一线,二手,100.6,0.6,95.7,-4.3,https://www.stats.gov.cn/sj/zxfb/202606/t20260616_1963946.html,2026-09-27T23:16:55+08:00
2026-05,丹东,三线,二手,99.8,-0.2,96.3,-3.7,https://www.stats.gov.cn/sj/zxfb/202606/t20260616_1963946.html,2026-09-27T23:16:55+08:00
2026-05,乌鲁木齐,二线,二手,99.6,-0.4,95.3,-4.7,https://www.stats.gov.cn/sj/zxfb/202606/t20260616_1963946.html,2026-09-27T23:16:55+08:00
2026-05,九江,三线,二手,99.7,-0.3,92.8,-7.2,https://www.stats.gov.cn/sj/zxfb/202606/t20260616_1963946.html,2026-09-27T23:16:55+08:00
2026-05,兰州,二线,二手,99.9,-0.1,95.0,-5.0,https://www.stats.gov.cn/sj/zxfb/202606/t20260616_1963946.html,2026-09-27T23:16:55+08:00
2026-05,包头,三线,二手,99.5,-0.5,92.0,-8.0,https://www.stats.gov.cn/sj/zxfb/202606/t20260616_1963946.html,2026-09-27T23:16:55+08:00
2026-05,北京,一线,二手,100.1,0.1,93.5,-6.5,https://www.stats.gov.cn/sj/zxfb/202606/t20260616_1963946.html,2026-09-27T23:16:55+08:00
2026-05,北海,三线,二手,99.6,-0.4,93.0,-7.0,https://www.stats.gov.cn/sj/zxfb/202606/t20260616_1963946.html,2026-09-27T23:16:55+08:00
2026-05,南京,二线,二手,99.9,-0.1,93.5,-6.5,https://www.stats.gov.cn/sj/zxfb/202606/t20260616_1963946.html,2026-09-27T23:16:55+08:00
2026-05,南充,三线,二手,99.7,-0.3,94.1,-5.9,https://www.stats.gov.cn/sj/zxfb/202606/t20260616_1963946.html,2026-09-27T23:16:55+08:00
2026-05,南宁,二线,二手,99.5,-0.5,93.0,-7.0,https://www.stats.gov.cn/sj/zxfb/202606/t20260616_1963946.html,2026-09-27T23:16:55+08:00
2026-05,南昌,二线,二手,99.6,-0.4,93.0,-7.0,https://www.stats.gov.cn/sj/zxfb/202606/t20260616_1963946.html,2026-09-27T23:16:55+08:00
2026-05,厦门,二线,二手,100.1,0.1,94.2,-5.8,https://www.stats.gov.cn/sj/zxfb/202606/t20260616_1963946.html,2026-09-27T23:16:55+08:00
2026-05,合肥,二线,二手,100.0,0.0,93.9,-6.1,https://www.stats.gov.cn/sj/zxfb/202606/t20260616_1963946.html,2026-09-27T23:16:55+08:00
2026-05,吉林,三线,二手,99.9,-0.1,95.8,-4.2,https://www.stats.gov.cn/sj/zxfb/202606/t20260616_1963946.html,2026-09-27T23:16:55+08:00
2026-05,呼和浩特,二线,二手,99.5,-0.5,94.2,-5.8,https://www.stats.gov.cn/sj/zxfb/202606/t20260616_1963946.html,2026-09-27T23:16:55+08:00
2026-05,哈尔滨,二线,二手,99.5,-0.5,95.4,-4.6,https://www.stats.gov.cn/sj/zxfb/202606/t20260616_1963946.html,2026-09-27T23:16:55+08:00
2026-05,唐山,三线,二手,99.5,-0.5,92.1,-7.9,https://www.stats.gov.cn/sj/zxfb/202606/t20260616_1963946.html,2026-09-27T23:16:55+08:00
2026-05,大理,三线,二手,99.4,-0.6,93.6,-6.4,https://www.stats.gov.cn/sj/zxfb/202606/t20260616_1963946.html,2026-09-27T23:16:55+08:00
2026-05,大连,二线,二手,100.1,0.1,96.1,-3.9,https://www.stats.gov.cn/sj/zxfb/202606/t20260616_1963946.html,2026-09-27T23:16:55+08:00
2026-05,天津,二线,二手,99.6,-0.4,94.0,-6.0,https://www.stats.gov.cn/sj/zxfb/202606/t20260616_1963946.html,2026-09-27T23:16:55+08:00
2026-05,太原,二线,二手,99.5,-0.5,95.4,-4.6,https://www.stats.gov.cn/sj/zxfb/202606/t20260616_1963946.html,2026-09-27T23:16:55+08:00
2026-05,宁波,二线,二手,100.1,0.1,95.1,-4.9,https://www.stats.gov.cn/sj/zxfb/202606/t20260616_1963946.html,2026-09-27T23:16:55+08:00
2026-05,安庆,三线,二手,99.8,-0.2,94.9,-5.1,https://www.stats.gov.cn/sj/zxfb/202606/t20260616_1963946.html,2026-09-27T23:16:55+08:00
2026-05,宜昌,三线,二手,99.9,-0.1,95.5,-4.5,https://www.stats.gov.cn/sj/zxfb/202606/t20260616_1963946.html,2026-09-27T23:16:55+08:00
2026-05,岳阳,三线,二手,99.6,-0.4,93.5,-6.5,https://www.stats.gov.cn/sj/zxfb/202606/t20260616_1963946.html,2026-09-27T23:16:55+08:00
2026-05,常德,三线,二手,99.5,-0.5,92.4,-7.6,https://www.stats.gov.cn/sj/zxfb/202606/t20260616_1963946.html,2026-09-27T23:16:55+08:00
2026-05,平顶山,三线,二手,99.7,-0.3,92.5,-7.5,https://www.stats.gov.cn/sj/zxfb/202606/t20260616_1963946.html,2026-09-27T23:16:55+08:00
2026-05,广州,一线,二手,100.1,0.1,93.0,-7.0,https://www.stats.gov.cn/sj/zxfb/202606/t20260616_1963946.html,2026-09-27T23:16:55+08:00
2026-05,徐州,三线,二手,100.3,0.3,93.1,-6.9,https://www.stats.gov.cn/sj/zxfb/202606/t20260616_1963946.html,2026-09-27T23:16:55+08:00
2026-05,惠州,三线,二手,99.8,-0.2,94.0,-6.0,https://www.stats.gov.cn/sj/zxfb/202606/t20260616_1963946.html,2026-09-27T23:16:55+08:00
2026-05,成都,二线,二手,99.6,-0.4,93.7,-6.3,https://www.stats.gov.cn/sj/zxfb/202606/t20260616_1963946.html,2026-09-27T23:16:55+08:00
2026-05,扬州,三线,二手,99.4,-0.6,92.5,-7.5,https://www.stats.gov.cn/sj/zxfb/202606/t20260616_1963946.html,2026-09-27T23:16:55+08:00
2026-05,无锡,三线,二手,99.9,-0.1,94.1,-5.9,https://www.stats.gov.cn/sj/zxfb/202606/t20260616_1963946.html,2026-09-27T23:16:55+08:00
2026-05,昆明,二线,二手,99.7,-0.3,93.0,-7.0,https://www.stats.gov.cn/sj/zxfb/202606/t20260616_1963946.html,2026-09-27T23:16:55+08:00
2026-05,杭州,二线,二手,100.0,0.0,95.4,-4.6,https://www.stats.gov.cn/sj/zxfb/202606/t20260616_1963946.html,2026-09-27T23:16:55+08:00
2026-05,桂林,三线,二手,99.5,-0.5,92.8,-7.2,https://www.stats.gov.cn/sj/zxfb/202606/t20260616_1963946.html,2026-09-27T23:16:55+08:00
2026-05,武汉,二线,二手,99.6,-0.4,91.2,-8.8,https://www.stats.gov.cn/sj/zxfb/202606/t20260616_1963946.html,2026-09-27T23:16:55+08:00
2026-05,沈阳,二线,二手,100.0,0.0,98.0,-2.0,https://www.stats.gov.cn/sj/zxfb/202606/t20260616_1963946.html,2026-09-27T23:16:55+08:00
2026-05,泉州,三线,二手,99.8,-0.2,95.7,-4.3,https://www.stats.gov.cn/sj/zxfb/202606/t20260616_1963946.html,2026-09-27T23:16:55+08:00
2026-05,泸州,三线,二手,99.3,-0.7,91.0,-9.0,https://www.stats.gov.cn/sj/zxfb/202606/t20260616_1963946.html,2026-09-27T23:16:55+08:00
2026-05,洛阳,三线,二手,99.4,-0.6,94.3,-5.7,https://www.stats.gov.cn/sj/zxfb/202606/t20260616_1963946.html,2026-09-27T23:16:55+08:00
2026-05,济南,二线,二手,99.8,-0.2,94.8,-5.2,https://www.stats.gov.cn/sj/zxfb/202606/t20260616_1963946.html,2026-09-27T23:16:55+08:00
2026-05,济宁,三线,二手,99.7,-0.3,93.5,-6.5,https://www.stats.gov.cn/sj/zxfb/202606/t20260616_1963946.html,2026-09-27T23:16:55+08:00
2026-05,海口,二线,二手,99.4,-0.6,93.5,-6.5,https://www.stats.gov.cn/sj/zxfb/202606/t20260616_1963946.html,2026-09-27T23:16:55+08:00
2026-05,深圳,一线,二手,100.6,0.6,94.5,-5.5,https://www.stats.gov.cn/sj/zxfb/202606/t20260616_1963946.html,2026-09-27T23:16:55+08:00
2026-05,温州,三线,二手,99.8,-0.2,94.0,-6.0,https://www.stats.gov.cn/sj/zxfb/202606/t20260616_1963946.html,2026-09-27T23:16:55+08:00
2026-05,湛江,三线,二手,99.4,-0.6,94.2,-5.8,https://www.stats.gov.cn/sj/zxfb/202606/t20260616_1963946.html,2026-09-27T23:16:55+08:00
2026-05,烟台,三线,二手,99.9,-0.1,93.9,-6.1,https://www.stats.gov.cn/sj/zxfb/202606/t20260616_1963946.html,2026-09-27T23:16:55+08:00
2026-05,牡丹江,三线,二手,99.8,-0.2,97.4,-2.6,https://www.stats.gov.cn/sj/zxfb/202606/t20260616_1963946.html,2026-09-27T23:16:55+08:00
2026-05,石家庄,二线,二手,99.8,-0.2,94.2,-5.8,https://www.stats.gov.cn/sj/zxfb/202606/t20260616_1963946.html,2026-09-27T23:16:55+08:00
2026-05,福州,二线,二手,99.7,-0.3,94.4,-5.6,https://www.stats.gov.cn/sj/zxfb/202606/t20260616_1963946.html,2026-09-27T23:16:55+08:00
2026-05,秦皇岛,三线,二手,99.6,-0.4,92.3,-7.7,https://www.stats.gov.cn/sj/zxfb/202606/t20260616_1963946.html,2026-09-27T23:16:55+08:00
2026-05,蚌埠,三线,二手,99.7,-0.3,95.1,-4.9,https://www.stats.gov.cn/sj/zxfb/202606/t20260616_1963946.html,2026-09-27T23:16:55+08:00
2026-05,襄阳,三线,二手,99.4,-0.6,92.5,-7.5,https://www.stats.gov.cn/sj/zxfb/202606/t20260616_1963946.html,2026-09-27T23:16:55+08:00
2026-05,西宁,二线,二手,99.9,-0.1,98.0,-2.0,https://www.stats.gov.cn/sj/zxfb/202606/t20260616_1963946.html,2026-09-27T23:16:55+08:00
2026-05,西安,二线,二手,99.8,-0.2,92.4,-7.6,https://www.stats.gov.cn/sj/zxfb/202606/t20260616_1963946.html,2026-09-27T23:16:55+08:00
2026-05,贵阳,二线,二手,99.7,-0.3,94.5,-5.5,https://www.stats.gov.cn/sj/zxfb/202606/t20260616_1963946.html,2026-09-27T23:16:55+08:00
2026-05,赣州,三线,二手,99.4,-0.6,93.0,-7.0,https://www.stats.gov.cn/sj/zxfb/202606/t20260616_1963946.html,2026-09-27T23:16:55+08:00
2026-05,遵义,三线,二手,99.3,-0.7,94.5,-5.5,https://www.stats.gov.cn/sj/zxfb/202606/t20260616_1963946.html,2026-09-27T23:16:55+08:00
2026-05,郑州,二线,二手,100.1,0.1,93.0,-7.0,https://www.stats.gov.cn/sj/zxfb/202606/t20260616_1963946.html,2026-09-27T23:16:55+08:00
2026-05,重庆,二线,二手,100.1,0.1,94.5,-5.5,https://www.stats.gov.cn/sj/zxfb/202606/t20260616_1963946.html,2026-09-27T23:16:55+08:00
2026-05,金华,三线,二手,99.8,-0.2,94.2,-5.8,https://www.stats.gov.cn/sj/zxfb/202606/t20260616_1963946.html,2026-09-27T23:16:55+08:00
2026-05,银川,二线,二手,99.8,-0.2,93.6,-6.4,https://www.stats.gov.cn/sj/zxfb/202606/t20260616_1963946.html,2026-09-27T23:16:55+08:00
2026-05,锦州,三线,二手,99.8,-0.2,96.8,-3.2,https://www.stats.gov.cn/sj/zxfb/202606/t20260616_1963946.html,2026-09-27T23:16:55+08:00
2026-05,长春,二线,二手,99.8,-0.2,96.2,-3.8,https://www.stats.gov.cn/sj/zxfb/202606/t20260616_1963946.html,2026-09-27T23:16:55+08:00
2026-05,长沙,二线,二手,99.4,-0.6,91.9,-8.1,https://www.stats.gov.cn/sj/zxfb/202606/t20260616_1963946.html,2026-09-27T23:16:55+08:00
2026-05,青岛,二线,二手,99.8,-0.2,93.4,-6.6,https://www.stats.gov.cn/sj/zxfb/202606/t20260616_1963946.html,2026-09-27T23:16:55+08:00
2026-05,韶关,三线,二手,99.5,-0.5,94.4,-5.6,https://www.stats.gov.cn/sj/zxfb/202606/t20260616_1963946.html,2026-09-27T23:16:55+08:00
2026-05,三亚,三线,新房,99.5,-0.5,98.1,-1.9,https://www.stats.gov.cn/sj/zxfb/202606/t20260616_1963946.html,2026-09-27T23:16:55+08:00
2026-05,上海,一线,新房,100.2,0.2,103.2,3.2,https://www.stats.gov.cn/sj/zxfb/202606/t20260616_1963946.html,2026-09-27T23:16:55+08:00
2026-05,丹东,三线,新房,99.6,-0.4,97.7,-2.3,https://www.stats.gov.cn/sj/zxfb/202606/t20260616_1963946.html,2026-09-27T23:16:55+08:00
2026-05,乌鲁木齐,二线,新房,99.9,-0.1,99.5,-0.5,https://www.stats.gov.cn/sj/zxfb/202606/t20260616_1963946.html,2026-09-27T23:16:55+08:00
2026-05,九江,三线,新房,99.7,-0.3,95.4,-4.6,https://www.stats.gov.cn/sj/zxfb/202606/t20260616_1963946.html,2026-09-27T23:16:55+08:00
2026-05,兰州,二线,新房,99.9,-0.1,95.9,-4.1,https://www.stats.gov.cn/sj/zxfb/202606/t20260616_1963946.html,2026-09-27T23:16:55+08:00
2026-05,包头,三线,新房,99.4,-0.6,92.4,-7.6,https://www.stats.gov.cn/sj/zxfb/202606/t20260616_1963946.html,2026-09-27T23:16:55+08:00
2026-05,北京,一线,新房,99.8,-0.2,97.9,-2.1,https://www.stats.gov.cn/sj/zxfb/202606/t20260616_1963946.html,2026-09-27T23:16:55+08:00
2026-05,北海,三线,新房,99.7,-0.3,94.1,-5.9,https://www.stats.gov.cn/sj/zxfb/202606/t20260616_1963946.html,2026-09-27T23:16:55+08:00
2026-05,南京,二线,新房,99.6,-0.4,96.4,-3.6,https://www.stats.gov.cn/sj/zxfb/202606/t20260616_1963946.html,2026-09-27T23:16:55+08:00
2026-05,南充,三线,新房,99.4,-0.6,95.9,-4.1,https://www.stats.gov.cn/sj/zxfb/202606/t20260616_1963946.html,2026-09-27T23:16:55+08:00
2026-05,南宁,二线,新房,100.1,0.1,96.3,-3.7,https://www.stats.gov.cn/sj/zxfb/202606/t20260616_1963946.html,2026-09-27T23:16:55+08:00
2026-05,南昌,二线,新房,99.8,-0.2,95.2,-4.8,https://www.stats.gov.cn/sj/zxfb/202606/t20260616_1963946.html,2026-09-27T23:16:55+08:00
2026-05,厦门,二线,新房,100.2,0.2,96.7,-3.3,https://www.stats.gov.cn/sj/zxfb/202606/t20260616_1963946.html,2026-09-27T23:16:55+08:00
2026-05,合肥,二线,新房,100.1,0.1,100.8,0.8,https://www.stats.gov.cn/sj/zxfb/202606/t20260616_1963946.html,2026-09-27T23:16:55+08:00
2026-05,吉林,三线,新房,99.8,-0.2,98.3,-1.7,https://www.stats.gov.cn/sj/zxfb/202606/t20260616_1963946.html,2026-09-27T23:16:55+08:00
2026-05,呼和浩特,二线,新房,99.6,-0.4,96.0,-4.0,https://www.stats.gov.cn/sj/zxfb/202606/t20260616_1963946.html,2026-09-27T23:16:55+08:00
2026-05,哈尔滨,二线,新房,99.7,-0.3,97.4,-2.6,https://www.stats.gov.cn/sj/zxfb/202606/t20260616_1963946.html,2026-09-27T23:16:55+08:00
2026-05,唐山,三线,新房,99.4,-0.6,93.7,-6.3,https://www.stats.gov.cn/sj/zxfb/202606/t20260616_1963946.html,2026-09-27T23:16:55+08:00
2026-05,大理,三线,新房,99.9,-0.1,96.8,-3.2,https://www.stats.gov.cn/sj/zxfb/202606/t20260616_1963946.html,2026-09-27T23:16:55+08:00
2026-05,大连,二线,新房,100.1,0.1,99.8,-0.2,https://www.stats.gov.cn/sj/zxfb/202606/t20260616_1963946.html,2026-09-27T23:16:55+08:00
2026-05,天津,二线,新房,99.9,-0.1,95.3,-4.7,https://www.stats.gov.cn/sj/zxfb/202606/t20260616_1963946.html,2026-09-27T23:16:55+08:00
2026-05,太原,二线,新房,100.3,0.3,98.0,-2.0,https://www.stats.gov.cn/sj/zxfb/202606/t20260616_1963946.html,2026-09-27T23:16:55+08:00
2026-05,宁波,二线,新房,100.2,0.2,98.2,-1.8,https://www.stats.gov.cn/sj/zxfb/202606/t20260616_1963946.html,2026-09-27T23:16:55+08:00
2026-05,安庆,三线,新房,99.4,-0.6,96.5,-3.5,https://www.stats.gov.cn/sj/zxfb/202606/t20260616_1963946.html,2026-09-27T23:16:55+08:00
2026-05,宜昌,三线,新房,100.0,0.0,99.7,-0.3,https://www.stats.gov.cn/sj/zxfb/202606/t20260616_1963946.html,2026-09-27T23:16:55+08:00
2026-05,岳阳,三线,新房,99.5,-0.5,95.3,-4.7,https://www.stats.gov.cn/sj/zxfb/202606/t20260616_1963946.html,2026-09-27T23:16:55+08:00
2026-05,常德,三线,新房,99.4,-0.6,94.6,-5.4,https://www.stats.gov.cn/sj/zxfb/202606/t20260616_1963946.html,2026-09-27T23:16:55+08:00
2026-05,平顶山,三线,新房,99.9,-0.1,97.7,-2.3,https://www.stats.gov.cn/sj/zxfb/202606/t20260616_1963946.html,2026-09-27T23:16:55+08:00
2026-05,广州,一线,新房,100.2,0.2,96.7,-3.3,https://www.stats.gov.cn/sj/zxfb/202606/t20260616_1963946.html,2026-09-27T23:16:55+08:00
2026-05,徐州,三线,新房,100.1,0.1,95.4,-4.6,https://www.stats.gov.cn/sj/zxfb/202606/t20260616_1963946.html,2026-09-27T23:16:55+08:00
2026-05,惠州,三线,新房,99.4,-0.6,94.5,-5.5,https://www.stats.gov.cn/sj/zxfb/202606/t20260616_1963946.html,2026-09-27T23:16:55+08:00
2026-05,成都,二线,新房,99.9,-0.1,94.8,-5.2,https://www.stats.gov.cn/sj/zxfb/202606/t20260616_1963946.html,2026-09-27T23:16:55+08:00
2026-05,扬州,三线,新房,99.7,-0.3,95.1,-4.9,https://www.stats.gov.cn/sj/zxfb/202606/t20260616_1963946.html,2026-09-27T23:16:55+08:00
2026-05,无锡,三线,新房,100.0,0.0,95.5,-4.5,https://www.stats.gov.cn/sj/zxfb/202606/t20260616_1963946.html,2026-09-27T23:16:55+08:00
2026-05,昆明,二线,新房,99.8,-0.2,94.0,-6.0,https://www.stats.gov.cn/sj/zxfb/202606/t20260616_1963946.html,2026-09-27T23:16:55+08:00
2026-05,杭州,二线,新房,100.5,0.5,102.0,2.0,https://www.stats.gov.cn/sj/zxfb/202606/t20260616_1963946.html,2026-09-27T23:16:55+08:00
2026-05,桂林,三线,新房,99.6,-0.4,94.0,-6.0,https://www.stats.gov.cn/sj/zxfb/202606/t20260616_1963946.html,2026-09-27T23:16:55+08:00
2026-05,武汉,二线,新房,100.2,0.2,96.9,-3.1,https://www.stats.gov.cn/sj/zxfb/202606/t20260616_1963946.html,2026-09-27T23:16:55+08:00
2026-05,沈阳,二线,新房,100.2,0.2,99.8,-0.2,https://www.stats.gov.cn/sj/zxfb/202606/t20260616_1963946.html,2026-09-27T23:16:55+08:00
2026-05,泉州,三线,新房,99.6,-0.4,96.0,-4.0,https://www.stats.gov.cn/sj/zxfb/202606/t20260616_1963946.html,2026-09-27T23:16:55+08:00
2026-05,泸州,三线,新房,99.3,-0.7,92.6,-7.4,https://www.stats.gov.cn/sj/zxfb/202606/t20260616_1963946.html,2026-09-27T23:16:55+08:00
2026-05,洛阳,三线,新房,99.5,-0.5,94.5,-5.5,https://www.stats.gov.cn/sj/zxfb/202606/t20260616_1963946.html,2026-09-27T23:16:55+08:00
2026-05,济南,二线,新房,99.9,-0.1,96.4,-3.6,https://www.stats.gov.cn/sj/zxfb/202606/t20260616_1963946.html,2026-09-27T23:16:55+08:00
2026-05,济宁,三线,新房,99.9,-0.1,95.5,-4.5,https://www.stats.gov.cn/sj/zxfb/202606/t20260616_1963946.html,2026-09-27T23:16:55+08:00
2026-05,海口,二线,新房,99.7,-0.3,94.9,-5.1,https://www.stats.gov.cn/sj/zxfb/202606/t20260616_1963946.html,2026-09-27T23:16:55+08:00
2026-05,深圳,一线,新房,100.4,0.4,95.5,-4.5,https://www.stats.gov.cn/sj/zxfb/202606/t20260616_1963946.html,2026-09-27T23:16:55+08:00
2026-05,温州,三线,新房,99.7,-0.3,95.8,-4.2,https://www.stats.gov.cn/sj/zxfb/202606/t20260616_1963946.html,2026-09-27T23:16:55+08:00
2026-05,湛江,三线,新房,99.9,-0.1,95.4,-4.6,https://www.stats.gov.cn/sj/zxfb/202606/t20260616_1963946.html,2026-09-27T23:16:55+08:00
2026-05,烟台,三线,新房,99.9,-0.1,96.4,-3.6,https://www.stats.gov.cn/sj/zxfb/202606/t20260616_1963946.html,2026-09-27T23:16:55+08:00
2026-05,牡丹江,三线,新房,99.6,-0.4,98.2,-1.8,https://www.stats.gov.cn/sj/zxfb/202606/t20260616_1963946.html,2026-09-27T23:16:55+08:00
2026-05,石家庄,二线,新房,99.9,-0.1,95.5,-4.5,https://www.stats.gov.cn/sj/zxfb/202606/t20260616_1963946.html,2026-09-27T23:16:55+08:00
2026-05,福州,二线,新房,99.6,-0.4,94.4,-5.6,https://www.stats.gov.cn/sj/zxfb/202606/t20260616_1963946.html,2026-09-27T23:16:55+08:00
2026-05,秦皇岛,三线,新房,99.6,-0.4,94.6,-5.4,https://www.stats.gov.cn/sj/zxfb/202606/t20260616_1963946.html,2026-09-27T23:16:55+08:00
2026-05,蚌埠,三线,新房,99.6,-0.4,96.6,-3.4,https://www.stats.gov.cn/sj/zxfb/202606/t20260616_1963946.html,2026-09-27T23:16:55+08:00
2026-05,襄阳,三线,新房,99.3,-0.7,94.5,-5.5,https://www.stats.gov.cn/sj/zxfb/202606/t20260616_1963946.html,2026-09-27T23:16:55+08:00
2026-05,西宁,二线,新房,99.5,-0.5,96.0,-4.0,https://www.stats.gov.cn/sj/zxfb/202606/t20260616_1963946.html,2026-09-27T23:16:55+08:00
2026-05,西安,二线,新房,99.6,-0.4,94.4,-5.6,https://www.stats.gov.cn/sj/zxfb/202606/t20260616_1963946.html,2026-09-27T23:16:55+08:00
2026-05,贵阳,二线,新房,99.9,-0.1,96.1,-3.9,https://www.stats.gov.cn/sj/zxfb/202606/t20260616_1963946.html,2026-09-27T23:16:55+08:00
2026-05,赣州,三线,新房,99.8,-0.2,95.2,-4.8,https://www.stats.gov.cn/sj/zxfb/202606/t20260616_1963946.html,2026-09-27T23:16:55+08:00
2026-05,遵义,三线,新房,99.7,-0.3,96.1,-3.9,https://www.stats.gov.cn/sj/zxfb/202606/t20260616_1963946.html,2026-09-27T23:16:55+08:00
2026-05,郑州,二线,新房,99.8,-0.2,94.4,-5.6,https://www.stats.gov.cn/sj/zxfb/202606/t20260616_1963946.html,2026-09-27T23:16:55+08:00
2026-05,重庆,二线,新房,99.6,-0.4,95.3,-4.7,https://www.stats.gov.cn/sj/zxfb/202606/t20260616_1963946.html,2026-09-27T23:16:55+08:00
2026-05,金华,三线,新房,99.8,-0.2,95.7,-4.3,https://www.stats.gov.cn/sj/zxfb/202606/t20260616_1963946.html,2026-09-27T23:16:55+08:00
2026-05,银川,二线,新房,100.1,0.1,97.7,-2.3,https://www.stats.gov.cn/sj/zxfb/202606/t20260616_1963946.html,2026-09-27T23:16:55+08:00
2026-05,锦州,三线,新房,99.9,-0.1,97.3,-2.7,https://www.stats.gov.cn/sj/zxfb/202606/t20260616_1963946.html,2026-09-27T23:16:55+08:00
2026-05,长春,二线,新房,100.2,0.2,98.7,-1.3,https://www.stats.gov.cn/sj/zxfb/202606/t20260616_1963946.html,2026-09-27T23:16:55+08:00
2026-05,长沙,二线,新房,99.6,-0.4,95.9,-4.1,https://www.stats.gov.cn/sj/zxfb/202606/t20260616_1963946.html,2026-09-27T23:16:55+08:00
2026-05,青岛,二线,新房,100.3,0.3,97.3,-2.7,https://www.stats.gov.cn/sj/zxfb/202606/t20260616_1963946.html,2026-09-27T23:16:55+08:00
2026-05,韶关,三线,新房,99.4,-0.6,97.1,-2.9,https://www.stats.gov.cn/sj/zxfb/202606/t20260616_1963946.html,2026-09-27T23:16:55+08:00
2026-06,三亚,三线,二手,99.7,-0.3,92.9,-7.1,https://www.stats.gov.cn/sj/zxfbhjd/202607/t20260715_1964115.html,2026-09-27T23:16:55+08:00
2026-06,上海,一线,二手,100.4,0.4,96.8,-3.2,https://www.stats.gov.cn/sj/zxfbhjd/202607/t20260715_1964115.html,2026-09-27T23:16:55+08:00
2026-06,丹东,三线,二手,99.8,-0.2,97.0,-3.0,https://www.stats.gov.cn/sj/zxfbhjd/202607/t20260715_1964115.html,2026-09-27T23:16:55+08:00
2026-06,乌鲁木齐,二线,二手,99.6,-0.4,95.2,-4.8,https://www.stats.gov.cn/sj/zxfbhjd/202607/t20260715_1964115.html,2026-09-27T23:16:55+08:00
2026-06,九江,三线,二手,99.2,-0.8,92.8,-7.2,https://www.stats.gov.cn/sj/zxfbhjd/202607/t20260715_1964115.html,2026-09-27T23:16:55+08:00
2026-06,兰州,二线,二手,99.5,-0.5,95.2,-4.8,https://www.stats.gov.cn/sj/zxfbhjd/202607/t20260715_1964115.html,2026-09-27T23:16:55+08:00
2026-06,包头,三线,二手,99.7,-0.3,92.3,-7.7,https://www.stats.gov.cn/sj/zxfbhjd/202607/t20260715_1964115.html,2026-09-27T23:16:55+08:00
2026-06,北京,一线,二手,100.1,0.1,94.5,-5.5,https://www.stats.gov.cn/sj/zxfbhjd/202607/t20260715_1964115.html,2026-09-27T23:16:55+08:00
2026-06,北海,三线,二手,99.4,-0.6,93.3,-6.7,https://www.stats.gov.cn/sj/zxfbhjd/202607/t20260715_1964115.html,2026-09-27T23:16:55+08:00
2026-06,南京,二线,二手,99.7,-0.3,94.1,-5.9,https://www.stats.gov.cn/sj/zxfbhjd/202607/t20260715_1964115.html,2026-09-27T23:16:55+08:00
2026-06,南充,三线,二手,99.6,-0.4,94.4,-5.6,https://www.stats.gov.cn/sj/zxfbhjd/202607/t20260715_1964115.html,2026-09-27T23:16:55+08:00
2026-06,南宁,二线,二手,99.7,-0.3,93.1,-6.9,https://www.stats.gov.cn/sj/zxfbhjd/202607/t20260715_1964115.html,2026-09-27T23:16:55+08:00
2026-06,南昌,二线,二手,99.5,-0.5,93.3,-6.7,https://www.stats.gov.cn/sj/zxfbhjd/202607/t20260715_1964115.html,2026-09-27T23:16:55+08:00
2026-06,厦门,二线,二手,99.8,-0.2,94.6,-5.4,https://www.stats.gov.cn/sj/zxfbhjd/202607/t20260715_1964115.html,2026-09-27T23:16:55+08:00
2026-06,合肥,二线,二手,100.0,0.0,94.8,-5.2,https://www.stats.gov.cn/sj/zxfbhjd/202607/t20260715_1964115.html,2026-09-27T23:16:55+08:00
2026-06,吉林,三线,二手,99.7,-0.3,95.9,-4.1,https://www.stats.gov.cn/sj/zxfbhjd/202607/t20260715_1964115.html,2026-09-27T23:16:55+08:00
2026-06,呼和浩特,二线,二手,99.6,-0.4,94.2,-5.8,https://www.stats.gov.cn/sj/zxfbhjd/202607/t20260715_1964115.html,2026-09-27T23:16:55+08:00
2026-06,哈尔滨,二线,二手,99.6,-0.4,95.3,-4.7,https://www.stats.gov.cn/sj/zxfbhjd/202607/t20260715_1964115.html,2026-09-27T23:16:55+08:00
2026-06,唐山,三线,二手,99.4,-0.6,92.4,-7.6,https://www.stats.gov.cn/sj/zxfbhjd/202607/t20260715_1964115.html,2026-09-27T23:16:55+08:00
2026-06,大理,三线,二手,99.3,-0.7,93.1,-6.9,https://www.stats.gov.cn/sj/zxfbhjd/202607/t20260715_1964115.html,2026-09-27T23:16:55+08:00
2026-06,大连,二线,二手,99.9,-0.1,96.5,-3.5,https://www.stats.gov.cn/sj/zxfbhjd/202607/t20260715_1964115.html,2026-09-27T23:16:55+08:00
2026-06,天津,二线,二手,99.7,-0.3,94.2,-5.8,https://www.stats.gov.cn/sj/zxfbhjd/202607/t20260715_1964115.html,2026-09-27T23:16:55+08:00
2026-06,太原,二线,二手,99.6,-0.4,95.5,-4.5,https://www.stats.gov.cn/sj/zxfbhjd/202607/t20260715_1964115.html,2026-09-27T23:16:55+08:00
2026-06,宁波,二线,二手,100.2,0.2,95.7,-4.3,https://www.stats.gov.cn/sj/zxfbhjd/202607/t20260715_1964115.html,2026-09-27T23:16:55+08:00
2026-06,安庆,三线,二手,99.7,-0.3,95.2,-4.8,https://www.stats.gov.cn/sj/zxfbhjd/202607/t20260715_1964115.html,2026-09-27T23:16:55+08:00
2026-06,宜昌,三线,二手,99.7,-0.3,95.8,-4.2,https://www.stats.gov.cn/sj/zxfbhjd/202607/t20260715_1964115.html,2026-09-27T23:16:55+08:00
2026-06,岳阳,三线,二手,99.7,-0.3,93.6,-6.4,https://www.stats.gov.cn/sj/zxfbhjd/202607/t20260715_1964115.html,2026-09-27T23:16:55+08:00
2026-06,常德,三线,二手,99.3,-0.7,92.5,-7.5,https://www.stats.gov.cn/sj/zxfbhjd/202607/t20260715_1964115.html,2026-09-27T23:16:55+08:00
2026-06,平顶山,三线,二手,99.3,-0.7,92.5,-7.5,https://www.stats.gov.cn/sj/zxfbhjd/202607/t20260715_1964115.html,2026-09-27T23:16:55+08:00
2026-06,广州,一线,二手,100.4,0.4,93.9,-6.1,https://www.stats.gov.cn/sj/zxfbhjd/202607/t20260715_1964115.html,2026-09-27T23:16:55+08:00
2026-06,徐州,三线,二手,100.1,0.1,94.5,-5.5,https://www.stats.gov.cn/sj/zxfbhjd/202607/t20260715_1964115.html,2026-09-27T23:16:55+08:00
2026-06,惠州,三线,二手,99.5,-0.5,94.1,-5.9,https://www.stats.gov.cn/sj/zxfbhjd/202607/t20260715_1964115.html,2026-09-27T23:16:55+08:00
2026-06,成都,二线,二手,99.6,-0.4,93.7,-6.3,https://www.stats.gov.cn/sj/zxfbhjd/202607/t20260715_1964115.html,2026-09-27T23:16:55+08:00
2026-06,扬州,三线,二手,99.5,-0.5,92.5,-7.5,https://www.stats.gov.cn/sj/zxfbhjd/202607/t20260715_1964115.html,2026-09-27T23:16:55+08:00
2026-06,无锡,三线,二手,100.2,0.2,94.9,-5.1,https://www.stats.gov.cn/sj/zxfbhjd/202607/t20260715_1964115.html,2026-09-27T23:16:55+08:00
2026-06,昆明,二线,二手,99.5,-0.5,93.2,-6.8,https://www.stats.gov.cn/sj/zxfbhjd/202607/t20260715_1964115.html,2026-09-27T23:16:55+08:00
2026-06,杭州,二线,二手,99.8,-0.2,96.0,-4.0,https://www.stats.gov.cn/sj/zxfbhjd/202607/t20260715_1964115.html,2026-09-27T23:16:55+08:00
2026-06,桂林,三线,二手,99.6,-0.4,92.9,-7.1,https://www.stats.gov.cn/sj/zxfbhjd/202607/t20260715_1964115.html,2026-09-27T23:16:55+08:00
2026-06,武汉,二线,二手,99.9,-0.1,92.0,-8.0,https://www.stats.gov.cn/sj/zxfbhjd/202607/t20260715_1964115.html,2026-09-27T23:16:55+08:00
2026-06,沈阳,二线,二手,100.1,0.1,98.5,-1.5,https://www.stats.gov.cn/sj/zxfbhjd/202607/t20260715_1964115.html,2026-09-27T23:16:55+08:00
2026-06,泉州,三线,二手,99.6,-0.4,96.0,-4.0,https://www.stats.gov.cn/sj/zxfbhjd/202607/t20260715_1964115.html,2026-09-27T23:16:55+08:00
2026-06,泸州,三线,二手,99.2,-0.8,90.7,-9.3,https://www.stats.gov.cn/sj/zxfbhjd/202607/t20260715_1964115.html,2026-09-27T23:16:55+08:00
2026-06,洛阳,三线,二手,99.5,-0.5,94.1,-5.9,https://www.stats.gov.cn/sj/zxfbhjd/202607/t20260715_1964115.html,2026-09-27T23:16:55+08:00
2026-06,济南,二线,二手,99.5,-0.5,94.9,-5.1,https://www.stats.gov.cn/sj/zxfbhjd/202607/t20260715_1964115.html,2026-09-27T23:16:55+08:00
2026-06,济宁,三线,二手,99.6,-0.4,94.1,-5.9,https://www.stats.gov.cn/sj/zxfbhjd/202607/t20260715_1964115.html,2026-09-27T23:16:55+08:00
2026-06,海口,二线,二手,99.5,-0.5,93.4,-6.6,https://www.stats.gov.cn/sj/zxfbhjd/202607/t20260715_1964115.html,2026-09-27T23:16:55+08:00
2026-06,深圳,一线,二手,100.3,0.3,95.3,-4.7,https://www.stats.gov.cn/sj/zxfbhjd/202607/t20260715_1964115.html,2026-09-27T23:16:55+08:00
2026-06,温州,三线,二手,99.6,-0.4,94.3,-5.7,https://www.stats.gov.cn/sj/zxfbhjd/202607/t20260715_1964115.html,2026-09-27T23:16:55+08:00
2026-06,湛江,三线,二手,99.2,-0.8,93.8,-6.2,https://www.stats.gov.cn/sj/zxfbhjd/202607/t20260715_1964115.html,2026-09-27T23:16:55+08:00
2026-06,烟台,三线,二手,99.7,-0.3,94.0,-6.0,https://www.stats.gov.cn/sj/zxfbhjd/202607/t20260715_1964115.html,2026-09-27T23:16:55+08:00
2026-06,牡丹江,三线,二手,99.8,-0.2,97.3,-2.7,https://www.stats.gov.cn/sj/zxfbhjd/202607/t20260715_1964115.html,2026-09-27T23:16:55+08:00
2026-06,石家庄,二线,二手,99.5,-0.5,94.3,-5.7,https://www.stats.gov.cn/sj/zxfbhjd/202607/t20260715_1964115.html,2026-09-27T23:16:55+08:00
2026-06,福州,二线,二手,99.6,-0.4,94.5,-5.5,https://www.stats.gov.cn/sj/zxfbhjd/202607/t20260715_1964115.html,2026-09-27T23:16:55+08:00
2026-06,秦皇岛,三线,二手,99.7,-0.3,92.8,-7.2,https://www.stats.gov.cn/sj/zxfbhjd/202607/t20260715_1964115.html,2026-09-27T23:16:55+08:00
2026-06,蚌埠,三线,二手,99.8,-0.2,95.3,-4.7,https://www.stats.gov.cn/sj/zxfbhjd/202607/t20260715_1964115.html,2026-09-27T23:16:55+08:00
2026-06,襄阳,三线,二手,99.6,-0.4,93.0,-7.0,https://www.stats.gov.cn/sj/zxfbhjd/202607/t20260715_1964115.html,2026-09-27T23:16:55+08:00
2026-06,西宁,二线,二手,99.7,-0.3,97.6,-2.4,https://www.stats.gov.cn/sj/zxfbhjd/202607/t20260715_1964115.html,2026-09-27T23:16:55+08:00
2026-06,西安,二线,二手,99.6,-0.4,92.7,-7.3,https://www.stats.gov.cn/sj/zxfbhjd/202607/t20260715_1964115.html,2026-09-27T23:16:55+08:00
2026-06,贵阳,二线,二手,99.6,-0.4,94.7,-5.3,https://www.stats.gov.cn/sj/zxfbhjd/202607/t20260715_1964115.html,2026-09-27T23:16:55+08:00
2026-06,赣州,三线,二手,99.7,-0.3,93.3,-6.7,https://www.stats.gov.cn/sj/zxfbhjd/202607/t20260715_1964115.html,2026-09-27T23:16:55+08:00
2026-06,遵义,三线,二手,99.4,-0.6,94.6,-5.4,https://www.stats.gov.cn/sj/zxfbhjd/202607/t20260715_1964115.html,2026-09-27T23:16:55+08:00
2026-06,郑州,二线,二手,99.9,-0.1,93.8,-6.2,https://www.stats.gov.cn/sj/zxfbhjd/202607/t20260715_1964115.html,2026-09-27T23:16:55+08:00
2026-06,重庆,二线,二手,100.1,0.1,95.2,-4.8,https://www.stats.gov.cn/sj/zxfbhjd/202607/t20260715_1964115.html,2026-09-27T23:16:55+08:00
2026-06,金华,三线,二手,99.7,-0.3,94.4,-5.6,https://www.stats.gov.cn/sj/zxfbhjd/202607/t20260715_1964115.html,2026-09-27T23:16:55+08:00
2026-06,银川,二线,二手,99.6,-0.4,94.1,-5.9,https://www.stats.gov.cn/sj/zxfbhjd/202607/t20260715_1964115.html,2026-09-27T23:16:55+08:00
2026-06,锦州,三线,二手,99.9,-0.1,97.0,-3.0,https://www.stats.gov.cn/sj/zxfbhjd/202607/t20260715_1964115.html,2026-09-27T23:16:55+08:00
2026-06,长春,二线,二手,99.7,-0.3,96.5,-3.5,https://www.stats.gov.cn/sj/zxfbhjd/202607/t20260715_1964115.html,2026-09-27T23:16:55+08:00
2026-06,长沙,二线,二手,99.8,-0.2,92.8,-7.2,https://www.stats.gov.cn/sj/zxfbhjd/202607/t20260715_1964115.html,2026-09-27T23:16:55+08:00
2026-06,青岛,二线,二手,99.6,-0.4,93.6,-6.4,https://www.stats.gov.cn/sj/zxfbhjd/202607/t20260715_1964115.html,2026-09-27T23:16:55+08:00
2026-06,韶关,三线,二手,99.3,-0.7,94.1,-5.9,https://www.stats.gov.cn/sj/zxfbhjd/202607/t20260715_1964115.html,2026-09-27T23:16:55+08:00
2026-06,三亚,三线,新房,100.1,0.1,98.1,-1.9,https://www.stats.gov.cn/sj/zxfbhjd/202607/t20260715_1964115.html,2026-09-27T23:16:55+08:00
2026-06,上海,一线,新房,100.3,0.3,103.1,3.1,https://www.stats.gov.cn/sj/zxfbhjd/202607/t20260715_1964115.html,2026-09-27T23:16:55+08:00
2026-06,丹东,三线,新房,99.7,-0.3,97.3,-2.7,https://www.stats.gov.cn/sj/zxfbhjd/202607/t20260715_1964115.html,2026-09-27T23:16:55+08:00
2026-06,乌鲁木齐,二线,新房,100.1,0.1,99.4,-0.6,https://www.stats.gov.cn/sj/zxfbhjd/202607/t20260715_1964115.html,2026-09-27T23:16:55+08:00
2026-06,九江,三线,新房,99.4,-0.6,94.7,-5.3,https://www.stats.gov.cn/sj/zxfbhjd/202607/t20260715_1964115.html,2026-09-27T23:16:55+08:00
2026-06,兰州,二线,新房,99.6,-0.4,95.8,-4.2,https://www.stats.gov.cn/sj/zxfbhjd/202607/t20260715_1964115.html,2026-09-27T23:16:55+08:00
2026-06,包头,三线,新房,99.6,-0.4,92.5,-7.5,https://www.stats.gov.cn/sj/zxfbhjd/202607/t20260715_1964115.html,2026-09-27T23:16:55+08:00
2026-06,北京,一线,新房,99.7,-0.3,97.9,-2.1,https://www.stats.gov.cn/sj/zxfbhjd/202607/t20260715_1964115.html,2026-09-27T23:16:55+08:00
2026-06,北海,三线,新房,99.3,-0.7,93.9,-6.1,https://www.stats.gov.cn/sj/zxfbhjd/202607/t20260715_1964115.html,2026-09-27T23:16:55+08:00
2026-06,南京,二线,新房,100.2,0.2,97.6,-2.4,https://www.stats.gov.cn/sj/zxfbhjd/202607/t20260715_1964115.html,2026-09-27T23:16:55+08:00
2026-06,南充,三线,新房,99.7,-0.3,96.2,-3.8,https://www.stats.gov.cn/sj/zxfbhjd/202607/t20260715_1964115.html,2026-09-27T23:16:55+08:00
2026-06,南宁,二线,新房,100.2,0.2,96.4,-3.6,https://www.stats.gov.cn/sj/zxfbhjd/202607/t20260715_1964115.html,2026-09-27T23:16:55+08:00
2026-06,南昌,二线,新房,99.8,-0.2,95.8,-4.2,https://www.stats.gov.cn/sj/zxfbhjd/202607/t20260715_1964115.html,2026-09-27T23:16:55+08:00
2026-06,厦门,二线,新房,100.3,0.3,97.4,-2.6,https://www.stats.gov.cn/sj/zxfbhjd/202607/t20260715_1964115.html,2026-09-27T23:16:55+08:00
2026-06,合肥,二线,新房,99.6,-0.4,100.3,0.3,https://www.stats.gov.cn/sj/zxfbhjd/202607/t20260715_1964115.html,2026-09-27T23:16:55+08:00
2026-06,吉林,三线,新房,99.6,-0.4,98.3,-1.7,https://www.stats.gov.cn/sj/zxfbhjd/202607/t20260715_1964115.html,2026-09-27T23:16:55+08:00
2026-06,呼和浩特,二线,新房,99.9,-0.1,96.1,-3.9,https://www.stats.gov.cn/sj/zxfbhjd/202607/t20260715_1964115.html,2026-09-27T23:16:55+08:00
2026-06,哈尔滨,二线,新房,99.9,-0.1,97.4,-2.6,https://www.stats.gov.cn/sj/zxfbhjd/202607/t20260715_1964115.html,2026-09-27T23:16:55+08:00
2026-06,唐山,三线,新房,99.5,-0.5,93.9,-6.1,https://www.stats.gov.cn/sj/zxfbhjd/202607/t20260715_1964115.html,2026-09-27T23:16:55+08:00
2026-06,大理,三线,新房,100.1,0.1,97.2,-2.8,https://www.stats.gov.cn/sj/zxfbhjd/202607/t20260715_1964115.html,2026-09-27T23:16:55+08:00
2026-06,大连,二线,新房,100.0,0.0,99.9,-0.1,https://www.stats.gov.cn/sj/zxfbhjd/202607/t20260715_1964115.html,2026-09-27T23:16:55+08:00
2026-06,天津,二线,新房,99.9,-0.1,95.4,-4.6,https://www.stats.gov.cn/sj/zxfbhjd/202607/t20260715_1964115.html,2026-09-27T23:16:55+08:00
2026-06,太原,二线,新房,100.1,0.1,98.0,-2.0,https://www.stats.gov.cn/sj/zxfbhjd/202607/t20260715_1964115.html,2026-09-27T23:16:55+08:00
2026-06,宁波,二线,新房,100.3,0.3,98.1,-1.9,https://www.stats.gov.cn/sj/zxfbhjd/202607/t20260715_1964115.html,2026-09-27T23:16:55+08:00
2026-06,安庆,三线,新房,99.4,-0.6,96.2,-3.8,https://www.stats.gov.cn/sj/zxfbhjd/202607/t20260715_1964115.html,2026-09-27T23:16:55+08:00
2026-06,宜昌,三线,新房,99.8,-0.2,99.4,-0.6,https://www.stats.gov.cn/sj/zxfbhjd/202607/t20260715_1964115.html,2026-09-27T23:16:55+08:00
2026-06,岳阳,三线,新房,99.4,-0.6,95.1,-4.9,https://www.stats.gov.cn/sj/zxfbhjd/202607/t20260715_1964115.html,2026-09-27T23:16:55+08:00
2026-06,常德,三线,新房,99.5,-0.5,94.4,-5.6,https://www.stats.gov.cn/sj/zxfbhjd/202607/t20260715_1964115.html,2026-09-27T23:16:55+08:00
2026-06,平顶山,三线,新房,99.5,-0.5,97.4,-2.6,https://www.stats.gov.cn/sj/zxfbhjd/202607/t20260715_1964115.html,2026-09-27T23:16:55+08:00
2026-06,广州,一线,新房,100.2,0.2,97.4,-2.6,https://www.stats.gov.cn/sj/zxfbhjd/202607/t20260715_1964115.html,2026-09-27T23:16:55+08:00
2026-06,徐州,三线,新房,100.4,0.4,96.5,-3.5,https://www.stats.gov.cn/sj/zxfbhjd/202607/t20260715_1964115.html,2026-09-27T23:16:55+08:00
2026-06,惠州,三线,新房,100.4,0.4,95.0,-5.0,https://www.stats.gov.cn/sj/zxfbhjd/202607/t20260715_1964115.html,2026-09-27T23:16:55+08:00
2026-06,成都,二线,新房,99.7,-0.3,94.9,-5.1,https://www.stats.gov.cn/sj/zxfbhjd/202607/t20260715_1964115.html,2026-09-27T23:16:55+08:00
2026-06,扬州,三线,新房,99.7,-0.3,95.0,-5.0,https://www.stats.gov.cn/sj/zxfbhjd/202607/t20260715_1964115.html,2026-09-27T23:16:55+08:00
2026-06,无锡,三线,新房,100.3,0.3,96.1,-3.9,https://www.stats.gov.cn/sj/zxfbhjd/202607/t20260715_1964115.html,2026-09-27T23:16:55+08:00
2026-06,昆明,二线,新房,99.9,-0.1,94.6,-5.4,https://www.stats.gov.cn/sj/zxfbhjd/202607/t20260715_1964115.html,2026-09-27T23:16:55+08:00
2026-06,杭州,二线,新房,100.3,0.3,101.9,1.9,https://www.stats.gov.cn/sj/zxfbhjd/202607/t20260715_1964115.html,2026-09-27T23:16:55+08:00
2026-06,桂林,三线,新房,99.8,-0.2,94.1,-5.9,https://www.stats.gov.cn/sj/zxfbhjd/202607/t20260715_1964115.html,2026-09-27T23:16:55+08:00
2026-06,武汉,二线,新房,100.1,0.1,97.1,-2.9,https://www.stats.gov.cn/sj/zxfbhjd/202607/t20260715_1964115.html,2026-09-27T23:16:55+08:00
2026-06,沈阳,二线,新房,100.3,0.3,100.0,0.0,https://www.stats.gov.cn/sj/zxfbhjd/202607/t20260715_1964115.html,2026-09-27T23:16:55+08:00
2026-06,泉州,三线,新房,99.5,-0.5,96.0,-4.0,https://www.stats.gov.cn/sj/zxfbhjd/202607/t20260715_1964115.html,2026-09-27T23:16:55+08:00
2026-06,泸州,三线,新房,99.7,-0.3,92.6,-7.4,https://www.stats.gov.cn/sj/zxfbhjd/202607/t20260715_1964115.html,2026-09-27T23:16:55+08:00
2026-06,洛阳,三线,新房,99.4,-0.6,94.1,-5.9,https://www.stats.gov.cn/sj/zxfbhjd/202607/t20260715_1964115.html,2026-09-27T23:16:55+08:00
2026-06,济南,二线,新房,99.9,-0.1,96.4,-3.6,https://www.stats.gov.cn/sj/zxfbhjd/202607/t20260715_1964115.html,2026-09-27T23:16:55+08:00
2026-06,济宁,三线,新房,99.8,-0.2,95.5,-4.5,https://www.stats.gov.cn/sj/zxfbhjd/202607/t20260715_1964115.html,2026-09-27T23:16:55+08:00
2026-06,海口,二线,新房,99.6,-0.4,95.3,-4.7,https://www.stats.gov.cn/sj/zxfbhjd/202607/t20260715_1964115.html,2026-09-27T23:16:55+08:00
2026-06,深圳,一线,新房,100.3,0.3,96.4,-3.6,https://www.stats.gov.cn/sj/zxfbhjd/202607/t20260715_1964115.html,2026-09-27T23:16:55+08:00
2026-06,温州,三线,新房,99.8,-0.2,96.1,-3.9,https://www.stats.gov.cn/sj/zxfbhjd/202607/t20260715_1964115.html,2026-09-27T23:16:55+08:00
2026-06,湛江,三线,新房,99.6,-0.4,94.7,-5.3,https://www.stats.gov.cn/sj/zxfbhjd/202607/t20260715_1964115.html,2026-09-27T23:16:55+08:00
2026-06,烟台,三线,新房,99.8,-0.2,97.0,-3.0,https://www.stats.gov.cn/sj/zxfbhjd/202607/t20260715_1964115.html,2026-09-27T23:16:55+08:00
2026-06,牡丹江,三线,新房,99.8,-0.2,98.2,-1.8,https://www.stats.gov.cn/sj/zxfbhjd/202607/t20260715_1964115.html,2026-09-27T23:16:55+08:00
2026-06,石家庄,二线,新房,99.7,-0.3,95.5,-4.5,https://www.stats.gov.cn/sj/zxfbhjd/202607/t20260715_1964115.html,2026-09-27T23:16:55+08:00
2026-06,福州,二线,新房,99.8,-0.2,94.5,-5.5,https://www.stats.gov.cn/sj/zxfbhjd/202607/t20260715_1964115.html,2026-09-27T23:16:55+08:00
2026-06,秦皇岛,三线,新房,99.7,-0.3,94.9,-5.1,https://www.stats.gov.cn/sj/zxfbhjd/202607/t20260715_1964115.html,2026-09-27T23:16:55+08:00
2026-06,蚌埠,三线,新房,99.8,-0.2,96.5,-3.5,https://www.stats.gov.cn/sj/zxfbhjd/202607/t20260715_1964115.html,2026-09-27T23:16:55+08:00
2026-06,襄阳,三线,新房,99.8,-0.2,94.7,-5.3,https://www.stats.gov.cn/sj/zxfbhjd/202607/t20260715_1964115.html,2026-09-27T23:16:55+08:00
2026-06,西宁,二线,新房,99.6,-0.4,95.7,-4.3,https://www.stats.gov.cn/sj/zxfbhjd/202607/t20260715_1964115.html,2026-09-27T23:16:55+08:00
2026-06,西安,二线,新房,99.7,-0.3,94.5,-5.5,https://www.stats.gov.cn/sj/zxfbhjd/202607/t20260715_1964115.html,2026-09-27T23:16:55+08:00
2026-06,贵阳,二线,新房,99.9,-0.1,96.3,-3.7,https://www.stats.gov.cn/sj/zxfbhjd/202607/t20260715_1964115.html,2026-09-27T23:16:55+08:00
2026-06,赣州,三线,新房,99.9,-0.1,95.3,-4.7,https://www.stats.gov.cn/sj/zxfbhjd/202607/t20260715_1964115.html,2026-09-27T23:16:55+08:00
2026-06,遵义,三线,新房,99.5,-0.5,96.0,-4.0,https://www.stats.gov.cn/sj/zxfbhjd/202607/t20260715_1964115.html,2026-09-27T23:16:55+08:00
2026-06,郑州,二线,新房,99.9,-0.1,94.9,-5.1,https://www.stats.gov.cn/sj/zxfbhjd/202607/t20260715_1964115.html,2026-09-27T23:16:55+08:00
2026-06,重庆,二线,新房,99.8,-0.2,95.7,-4.3,https://www.stats.gov.cn/sj/zxfbhjd/202607/t20260715_1964115.html,2026-09-27T23:16:55+08:00
2026-06,金华,三线,新房,99.7,-0.3,95.5,-4.5,https://www.stats.gov.cn/sj/zxfbhjd/202607/t20260715_1964115.html,2026-09-27T23:16:55+08:00
2026-06,银川,二线,新房,100.2,0.2,98.0,-2.0,https://www.stats.gov.cn/sj/zxfbhjd/202607/t20260715_1964115.html,2026-09-27T23:16:55+08:00
2026-06,锦州,三线,新房,99.8,-0.2,97.2,-2.8,https://www.stats.gov.cn/sj/zxfbhjd/202607/t20260715_1964115.html,2026-09-27T23:16:55+08:00
2026-06,长春,二线,新房,100.1,0.1,99.1,-0.9,https://www.stats.gov.cn/sj/zxfbhjd/202607/t20260715_1964115.html,2026-09-27T23:16:55+08:00
2026-06,长沙,二线,新房,99.9,-0.1,95.4,-4.6,https://www.stats.gov.cn/sj/zxfbhjd/202607/t20260715_1964115.html,2026-09-27T23:16:55+08:00
2026-06,青岛,二线,新房,100.2,0.2,97.7,-2.3,https://www.stats.gov.cn/sj/zxfbhjd/202607/t20260715_1964115.html,2026-09-27T23:16:55+08:00
2026-06,韶关,三线,新房,99.4,-0.6,96.6,-3.4,https://www.stats.gov.cn/sj/zxfbhjd/202607/t20260715_1964115.html,2026-09-27T23:16:55+08:00
2026-07,三亚,三线,二手,99.6,-0.4,93.1,-6.9,https://www.stats.gov.cn/xxgk/sjfb/zxfb2020/202608/t20260817_1965050.html,2026-09-27T23:16:55+08:00
2026-07,上海,一线,二手,100.3,0.3,98.0,-2.0,https://www.stats.gov.cn/xxgk/sjfb/zxfb2020/202608/t20260817_1965050.html,2026-09-27T23:16:55+08:00
2026-07,丹东,三线,二手,99.7,-0.3,97.1,-2.9,https://www.stats.gov.cn/xxgk/sjfb/zxfb2020/202608/t20260817_1965050.html,2026-09-27T23:16:55+08:00
2026-07,乌鲁木齐,二线,二手,99.9,-0.1,95.4,-4.6,https://www.stats.gov.cn/xxgk/sjfb/zxfb2020/202608/t20260817_1965050.html,2026-09-27T23:16:55+08:00
2026-07,九江,三线,二手,99.8,-0.2,92.7,-7.3,https://www.stats.gov.cn/xxgk/sjfb/zxfb2020/202608/t20260817_1965050.html,2026-09-27T23:16:55+08:00
2026-07,兰州,二线,二手,99.8,-0.2,95.3,-4.7,https://www.stats.gov.cn/xxgk/sjfb/zxfb2020/202608/t20260817_1965050.html,2026-09-27T23:16:55+08:00
2026-07,包头,三线,二手,99.5,-0.5,92.6,-7.4,https://www.stats.gov.cn/xxgk/sjfb/zxfb2020/202608/t20260817_1965050.html,2026-09-27T23:16:55+08:00
2026-07,北京,一线,二手,100.0,0.0,95.5,-4.5,https://www.stats.gov.cn/xxgk/sjfb/zxfb2020/202608/t20260817_1965050.html,2026-09-27T23:16:55+08:00
2026-07,北海,三线,二手,99.5,-0.5,93.4,-6.6,https://www.stats.gov.cn/xxgk/sjfb/zxfb2020/202608/t20260817_1965050.html,2026-09-27T23:16:55+08:00
2026-07,南京,二线,二手,99.7,-0.3,94.6,-5.4,https://www.stats.gov.cn/xxgk/sjfb/zxfb2020/202608/t20260817_1965050.html,2026-09-27T23:16:55+08:00
2026-07,南充,三线,二手,99.8,-0.2,94.2,-5.8,https://www.stats.gov.cn/xxgk/sjfb/zxfb2020/202608/t20260817_1965050.html,2026-09-27T23:16:55+08:00
2026-07,南宁,二线,二手,99.9,-0.1,93.7,-6.3,https://www.stats.gov.cn/xxgk/sjfb/zxfb2020/202608/t20260817_1965050.html,2026-09-27T23:16:55+08:00
2026-07,南昌,二线,二手,99.9,-0.1,93.6,-6.4,https://www.stats.gov.cn/xxgk/sjfb/zxfb2020/202608/t20260817_1965050.html,2026-09-27T23:16:55+08:00
2026-07,厦门,二线,二手,99.7,-0.3,95.0,-5.0,https://www.stats.gov.cn/xxgk/sjfb/zxfb2020/202608/t20260817_1965050.html,2026-09-27T23:16:55+08:00
2026-07,合肥,二线,二手,99.8,-0.2,95.2,-4.8,https://www.stats.gov.cn/xxgk/sjfb/zxfb2020/202608/t20260817_1965050.html,2026-09-27T23:16:55+08:00
2026-07,吉林,三线,二手,99.9,-0.1,96.0,-4.0,https://www.stats.gov.cn/xxgk/sjfb/zxfb2020/202608/t20260817_1965050.html,2026-09-27T23:16:55+08:00
2026-07,呼和浩特,二线,二手,99.7,-0.3,94.5,-5.5,https://www.stats.gov.cn/xxgk/sjfb/zxfb2020/202608/t20260817_1965050.html,2026-09-27T23:16:55+08:00
2026-07,哈尔滨,二线,二手,99.5,-0.5,95.4,-4.6,https://www.stats.gov.cn/xxgk/sjfb/zxfb2020/202608/t20260817_1965050.html,2026-09-27T23:16:55+08:00
2026-07,唐山,三线,二手,99.5,-0.5,92.6,-7.4,https://www.stats.gov.cn/xxgk/sjfb/zxfb2020/202608/t20260817_1965050.html,2026-09-27T23:16:55+08:00
2026-07,大理,三线,二手,99.5,-0.5,93.0,-7.0,https://www.stats.gov.cn/xxgk/sjfb/zxfb2020/202608/t20260817_1965050.html,2026-09-27T23:16:55+08:00
2026-07,大连,二线,二手,99.8,-0.2,96.6,-3.4,https://www.stats.gov.cn/xxgk/sjfb/zxfb2020/202608/t20260817_1965050.html,2026-09-27T23:16:55+08:00
2026-07,天津,二线,二手,99.8,-0.2,94.5,-5.5,https://www.stats.gov.cn/xxgk/sjfb/zxfb2020/202608/t20260817_1965050.html,2026-09-27T23:16:55+08:00
2026-07,太原,二线,二手,99.6,-0.4,95.0,-5.0,https://www.stats.gov.cn/xxgk/sjfb/zxfb2020/202608/t20260817_1965050.html,2026-09-27T23:16:55+08:00
2026-07,宁波,二线,二手,100.0,0.0,96.5,-3.5,https://www.stats.gov.cn/xxgk/sjfb/zxfb2020/202608/t20260817_1965050.html,2026-09-27T23:16:55+08:00
2026-07,安庆,三线,二手,99.6,-0.4,95.3,-4.7,https://www.stats.gov.cn/xxgk/sjfb/zxfb2020/202608/t20260817_1965050.html,2026-09-27T23:16:55+08:00
2026-07,宜昌,三线,二手,99.8,-0.2,96.0,-4.0,https://www.stats.gov.cn/xxgk/sjfb/zxfb2020/202608/t20260817_1965050.html,2026-09-27T23:16:55+08:00
2026-07,岳阳,三线,二手,99.8,-0.2,93.8,-6.2,https://www.stats.gov.cn/xxgk/sjfb/zxfb2020/202608/t20260817_1965050.html,2026-09-27T23:16:55+08:00
2026-07,常德,三线,二手,99.5,-0.5,92.7,-7.3,https://www.stats.gov.cn/xxgk/sjfb/zxfb2020/202608/t20260817_1965050.html,2026-09-27T23:16:55+08:00
2026-07,平顶山,三线,二手,99.5,-0.5,92.4,-7.6,https://www.stats.gov.cn/xxgk/sjfb/zxfb2020/202608/t20260817_1965050.html,2026-09-27T23:16:55+08:00
2026-07,广州,一线,二手,100.4,0.4,95.3,-4.7,https://www.stats.gov.cn/xxgk/sjfb/zxfb2020/202608/t20260817_1965050.html,2026-09-27T23:16:55+08:00
2026-07,徐州,三线,二手,100.2,0.2,95.6,-4.4,https://www.stats.gov.cn/xxgk/sjfb/zxfb2020/202608/t20260817_1965050.html,2026-09-27T23:16:55+08:00
2026-07,惠州,三线,二手,99.7,-0.3,94.2,-5.8,https://www.stats.gov.cn/xxgk/sjfb/zxfb2020/202608/t20260817_1965050.html,2026-09-27T23:16:55+08:00
2026-07,成都,二线,二手,99.7,-0.3,93.8,-6.2,https://www.stats.gov.cn/xxgk/sjfb/zxfb2020/202608/t20260817_1965050.html,2026-09-27T23:16:55+08:00
2026-07,扬州,三线,二手,99.6,-0.4,92.4,-7.6,https://www.stats.gov.cn/xxgk/sjfb/zxfb2020/202608/t20260817_1965050.html,2026-09-27T23:16:55+08:00
2026-07,无锡,三线,二手,99.8,-0.2,95.4,-4.6,https://www.stats.gov.cn/xxgk/sjfb/zxfb2020/202608/t20260817_1965050.html,2026-09-27T23:16:55+08:00
2026-07,昆明,二线,二手,99.4,-0.6,93.1,-6.9,https://www.stats.gov.cn/xxgk/sjfb/zxfb2020/202608/t20260817_1965050.html,2026-09-27T23:16:55+08:00
2026-07,杭州,二线,二手,99.9,-0.1,96.6,-3.4,https://www.stats.gov.cn/xxgk/sjfb/zxfb2020/202608/t20260817_1965050.html,2026-09-27T23:16:55+08:00
2026-07,桂林,三线,二手,99.8,-0.2,93.2,-6.8,https://www.stats.gov.cn/xxgk/sjfb/zxfb2020/202608/t20260817_1965050.html,2026-09-27T23:16:55+08:00
2026-07,武汉,二线,二手,100.0,0.0,93.0,-7.0,https://www.stats.gov.cn/xxgk/sjfb/zxfb2020/202608/t20260817_1965050.html,2026-09-27T23:16:55+08:00
2026-07,沈阳,二线,二手,100.1,0.1,98.8,-1.2,https://www.stats.gov.cn/xxgk/sjfb/zxfb2020/202608/t20260817_1965050.html,2026-09-27T23:16:55+08:00
2026-07,泉州,三线,二手,99.5,-0.5,95.7,-4.3,https://www.stats.gov.cn/xxgk/sjfb/zxfb2020/202608/t20260817_1965050.html,2026-09-27T23:16:55+08:00
2026-07,泸州,三线,二手,99.3,-0.7,90.6,-9.4,https://www.stats.gov.cn/xxgk/sjfb/zxfb2020/202608/t20260817_1965050.html,2026-09-27T23:16:55+08:00
2026-07,洛阳,三线,二手,99.4,-0.6,93.9,-6.1,https://www.stats.gov.cn/xxgk/sjfb/zxfb2020/202608/t20260817_1965050.html,2026-09-27T23:16:55+08:00
2026-07,济南,二线,二手,99.4,-0.6,94.8,-5.2,https://www.stats.gov.cn/xxgk/sjfb/zxfb2020/202608/t20260817_1965050.html,2026-09-27T23:16:55+08:00
2026-07,济宁,三线,二手,99.8,-0.2,94.5,-5.5,https://www.stats.gov.cn/xxgk/sjfb/zxfb2020/202608/t20260817_1965050.html,2026-09-27T23:16:55+08:00
2026-07,海口,二线,二手,99.1,-0.9,93.1,-6.9,https://www.stats.gov.cn/xxgk/sjfb/zxfb2020/202608/t20260817_1965050.html,2026-09-27T23:16:55+08:00
2026-07,深圳,一线,二手,100.2,0.2,96.4,-3.6,https://www.stats.gov.cn/xxgk/sjfb/zxfb2020/202608/t20260817_1965050.html,2026-09-27T23:16:55+08:00
2026-07,温州,三线,二手,99.7,-0.3,94.4,-5.6,https://www.stats.gov.cn/xxgk/sjfb/zxfb2020/202608/t20260817_1965050.html,2026-09-27T23:16:55+08:00
2026-07,湛江,三线,二手,99.4,-0.6,93.8,-6.2,https://www.stats.gov.cn/xxgk/sjfb/zxfb2020/202608/t20260817_1965050.html,2026-09-27T23:16:55+08:00
2026-07,烟台,三线,二手,99.8,-0.2,94.6,-5.4,https://www.stats.gov.cn/xxgk/sjfb/zxfb2020/202608/t20260817_1965050.html,2026-09-27T23:16:55+08:00
2026-07,牡丹江,三线,二手,99.9,-0.1,97.4,-2.6,https://www.stats.gov.cn/xxgk/sjfb/zxfb2020/202608/t20260817_1965050.html,2026-09-27T23:16:55+08:00
2026-07,石家庄,二线,二手,99.7,-0.3,94.7,-5.3,https://www.stats.gov.cn/xxgk/sjfb/zxfb2020/202608/t20260817_1965050.html,2026-09-27T23:16:55+08:00
2026-07,福州,二线,二手,99.8,-0.2,94.9,-5.1,https://www.stats.gov.cn/xxgk/sjfb/zxfb2020/202608/t20260817_1965050.html,2026-09-27T23:16:55+08:00
2026-07,秦皇岛,三线,二手,99.4,-0.6,92.9,-7.1,https://www.stats.gov.cn/xxgk/sjfb/zxfb2020/202608/t20260817_1965050.html,2026-09-27T23:16:55+08:00
2026-07,蚌埠,三线,二手,99.7,-0.3,95.4,-4.6,https://www.stats.gov.cn/xxgk/sjfb/zxfb2020/202608/t20260817_1965050.html,2026-09-27T23:16:55+08:00
2026-07,襄阳,三线,二手,99.4,-0.6,93.3,-6.7,https://www.stats.gov.cn/xxgk/sjfb/zxfb2020/202608/t20260817_1965050.html,2026-09-27T23:16:55+08:00
2026-07,西宁,二线,二手,99.7,-0.3,97.3,-2.7,https://www.stats.gov.cn/xxgk/sjfb/zxfb2020/202608/t20260817_1965050.html,2026-09-27T23:16:55+08:00
2026-07,西安,二线,二手,99.6,-0.4,93.2,-6.8,https://www.stats.gov.cn/xxgk/sjfb/zxfb2020/202608/t20260817_1965050.html,2026-09-27T23:16:55+08:00
2026-07,贵阳,二线,二手,99.6,-0.4,94.9,-5.1,https://www.stats.gov.cn/xxgk/sjfb/zxfb2020/202608/t20260817_1965050.html,2026-09-27T23:16:55+08:00
2026-07,赣州,三线,二手,99.6,-0.4,93.4,-6.6,https://www.stats.gov.cn/xxgk/sjfb/zxfb2020/202608/t20260817_1965050.html,2026-09-27T23:16:55+08:00
2026-07,遵义,三线,二手,99.7,-0.3,94.6,-5.4,https://www.stats.gov.cn/xxgk/sjfb/zxfb2020/202608/t20260817_1965050.html,2026-09-27T23:16:55+08:00
2026-07,郑州,二线,二手,99.7,-0.3,94.2,-5.8,https://www.stats.gov.cn/xxgk/sjfb/zxfb2020/202608/t20260817_1965050.html,2026-09-27T23:16:55+08:00
2026-07,重庆,二线,二手,99.8,-0.2,95.5,-4.5,https://www.stats.gov.cn/xxgk/sjfb/zxfb2020/202608/t20260817_1965050.html,2026-09-27T23:16:55+08:00
2026-07,金华,三线,二手,99.8,-0.2,94.7,-5.3,https://www.stats.gov.cn/xxgk/sjfb/zxfb2020/202608/t20260817_1965050.html,2026-09-27T23:16:55+08:00
2026-07,银川,二线,二手,99.7,-0.3,94.2,-5.8,https://www.stats.gov.cn/xxgk/sjfb/zxfb2020/202608/t20260817_1965050.html,2026-09-27T23:16:55+08:00
2026-07,锦州,三线,二手,99.7,-0.3,97.0,-3.0,https://www.stats.gov.cn/xxgk/sjfb/zxfb2020/202608/t20260817_1965050.html,2026-09-27T23:16:55+08:00
2026-07,长春,二线,二手,99.7,-0.3,96.7,-3.3,https://www.stats.gov.cn/xxgk/sjfb/zxfb2020/202608/t20260817_1965050.html,2026-09-27T23:16:55+08:00
2026-07,长沙,二线,二手,99.9,-0.1,93.4,-6.6,https://www.stats.gov.cn/xxgk/sjfb/zxfb2020/202608/t20260817_1965050.html,2026-09-27T23:16:55+08:00
2026-07,青岛,二线,二手,99.4,-0.6,93.7,-6.3,https://www.stats.gov.cn/xxgk/sjfb/zxfb2020/202608/t20260817_1965050.html,2026-09-27T23:16:55+08:00
2026-07,韶关,三线,二手,99.5,-0.5,94.1,-5.9,https://www.stats.gov.cn/xxgk/sjfb/zxfb2020/202608/t20260817_1965050.html,2026-09-27T23:16:55+08:00
2026-07,三亚,三线,新房,100.0,0.0,97.9,-2.1,https://www.stats.gov.cn/xxgk/sjfb/zxfb2020/202608/t20260817_1965050.html,2026-09-27T23:16:55+08:00
2026-07,上海,一线,新房,100.2,0.2,103.0,3.0,https://www.stats.gov.cn/xxgk/sjfb/zxfb2020/202608/t20260817_1965050.html,2026-09-27T23:16:55+08:00
2026-07,丹东,三线,新房,99.8,-0.2,97.3,-2.7,https://www.stats.gov.cn/xxgk/sjfb/zxfb2020/202608/t20260817_1965050.html,2026-09-27T23:16:55+08:00
2026-07,乌鲁木齐,二线,新房,99.8,-0.2,98.9,-1.1,https://www.stats.gov.cn/xxgk/sjfb/zxfb2020/202608/t20260817_1965050.html,2026-09-27T23:16:55+08:00
2026-07,九江,三线,新房,99.5,-0.5,94.6,-5.4,https://www.stats.gov.cn/xxgk/sjfb/zxfb2020/202608/t20260817_1965050.html,2026-09-27T23:16:55+08:00
2026-07,兰州,二线,新房,99.8,-0.2,96.3,-3.7,https://www.stats.gov.cn/xxgk/sjfb/zxfb2020/202608/t20260817_1965050.html,2026-09-27T23:16:55+08:00
2026-07,包头,三线,新房,99.8,-0.2,92.8,-7.2,https://www.stats.gov.cn/xxgk/sjfb/zxfb2020/202608/t20260817_1965050.html,2026-09-27T23:16:55+08:00
2026-07,北京,一线,新房,99.7,-0.3,97.7,-2.3,https://www.stats.gov.cn/xxgk/sjfb/zxfb2020/202608/t20260817_1965050.html,2026-09-27T23:16:55+08:00
2026-07,北海,三线,新房,99.4,-0.6,93.9,-6.1,https://www.stats.gov.cn/xxgk/sjfb/zxfb2020/202608/t20260817_1965050.html,2026-09-27T23:16:55+08:00
2026-07,南京,二线,新房,100.1,0.1,98.2,-1.8,https://www.stats.gov.cn/xxgk/sjfb/zxfb2020/202608/t20260817_1965050.html,2026-09-27T23:16:55+08:00
2026-07,南充,三线,新房,99.9,-0.1,96.6,-3.4,https://www.stats.gov.cn/xxgk/sjfb/zxfb2020/202608/t20260817_1965050.html,2026-09-27T23:16:55+08:00
2026-07,南宁,二线,新房,100.1,0.1,96.5,-3.5,https://www.stats.gov.cn/xxgk/sjfb/zxfb2020/202608/t20260817_1965050.html,2026-09-27T23:16:55+08:00
2026-07,南昌,二线,新房,99.7,-0.3,96.1,-3.9,https://www.stats.gov.cn/xxgk/sjfb/zxfb2020/202608/t20260817_1965050.html,2026-09-27T23:16:55+08:00
2026-07,厦门,二线,新房,100.0,0.0,98.0,-2.0,https://www.stats.gov.cn/xxgk/sjfb/zxfb2020/202608/t20260817_1965050.html,2026-09-27T23:16:55+08:00
2026-07,合肥,二线,新房,99.8,-0.2,100.3,0.3,https://www.stats.gov.cn/xxgk/sjfb/zxfb2020/202608/t20260817_1965050.html,2026-09-27T23:16:55+08:00
2026-07,吉林,三线,新房,99.8,-0.2,98.6,-1.4,https://www.stats.gov.cn/xxgk/sjfb/zxfb2020/202608/t20260817_1965050.html,2026-09-27T23:16:55+08:00
2026-07,呼和浩特,二线,新房,99.9,-0.1,96.4,-3.6,https://www.stats.gov.cn/xxgk/sjfb/zxfb2020/202608/t20260817_1965050.html,2026-09-27T23:16:55+08:00
2026-07,哈尔滨,二线,新房,99.6,-0.4,97.3,-2.7,https://www.stats.gov.cn/xxgk/sjfb/zxfb2020/202608/t20260817_1965050.html,2026-09-27T23:16:55+08:00
2026-07,唐山,三线,新房,99.6,-0.4,94.0,-6.0,https://www.stats.gov.cn/xxgk/sjfb/zxfb2020/202608/t20260817_1965050.html,2026-09-27T23:16:55+08:00
2026-07,大理,三线,新房,99.7,-0.3,97.1,-2.9,https://www.stats.gov.cn/xxgk/sjfb/zxfb2020/202608/t20260817_1965050.html,2026-09-27T23:16:55+08:00
2026-07,大连,二线,新房,100.1,0.1,99.9,-0.1,https://www.stats.gov.cn/xxgk/sjfb/zxfb2020/202608/t20260817_1965050.html,2026-09-27T23:16:55+08:00
2026-07,天津,二线,新房,100.0,0.0,95.6,-4.4,https://www.stats.gov.cn/xxgk/sjfb/zxfb2020/202608/t20260817_1965050.html,2026-09-27T23:16:55+08:00
2026-07,太原,二线,新房,99.9,-0.1,98.1,-1.9,https://www.stats.gov.cn/xxgk/sjfb/zxfb2020/202608/t20260817_1965050.html,2026-09-27T23:16:55+08:00
2026-07,宁波,二线,新房,100.1,0.1,98.7,-1.3,https://www.stats.gov.cn/xxgk/sjfb/zxfb2020/202608/t20260817_1965050.html,2026-09-27T23:16:55+08:00
2026-07,安庆,三线,新房,99.2,-0.8,95.5,-4.5,https://www.stats.gov.cn/xxgk/sjfb/zxfb2020/202608/t20260817_1965050.html,2026-09-27T23:16:55+08:00
2026-07,宜昌,三线,新房,100.1,0.1,99.4,-0.6,https://www.stats.gov.cn/xxgk/sjfb/zxfb2020/202608/t20260817_1965050.html,2026-09-27T23:16:55+08:00
2026-07,岳阳,三线,新房,99.6,-0.4,94.8,-5.2,https://www.stats.gov.cn/xxgk/sjfb/zxfb2020/202608/t20260817_1965050.html,2026-09-27T23:16:55+08:00
2026-07,常德,三线,新房,99.9,-0.1,94.2,-5.8,https://www.stats.gov.cn/xxgk/sjfb/zxfb2020/202608/t20260817_1965050.html,2026-09-27T23:16:55+08:00
2026-07,平顶山,三线,新房,99.7,-0.3,97.2,-2.8,https://www.stats.gov.cn/xxgk/sjfb/zxfb2020/202608/t20260817_1965050.html,2026-09-27T23:16:55+08:00
2026-07,广州,一线,新房,100.1,0.1,97.8,-2.2,https://www.stats.gov.cn/xxgk/sjfb/zxfb2020/202608/t20260817_1965050.html,2026-09-27T23:16:55+08:00
2026-07,徐州,三线,新房,99.8,-0.2,96.3,-3.7,https://www.stats.gov.cn/xxgk/sjfb/zxfb2020/202608/t20260817_1965050.html,2026-09-27T23:16:55+08:00
2026-07,惠州,三线,新房,100.0,0.0,95.1,-4.9,https://www.stats.gov.cn/xxgk/sjfb/zxfb2020/202608/t20260817_1965050.html,2026-09-27T23:16:55+08:00
2026-07,成都,二线,新房,99.9,-0.1,94.9,-5.1,https://www.stats.gov.cn/xxgk/sjfb/zxfb2020/202608/t20260817_1965050.html,2026-09-27T23:16:55+08:00
2026-07,扬州,三线,新房,100.2,0.2,96.1,-3.9,https://www.stats.gov.cn/xxgk/sjfb/zxfb2020/202608/t20260817_1965050.html,2026-09-27T23:16:55+08:00
2026-07,无锡,三线,新房,100.1,0.1,96.4,-3.6,https://www.stats.gov.cn/xxgk/sjfb/zxfb2020/202608/t20260817_1965050.html,2026-09-27T23:16:55+08:00
2026-07,昆明,二线,新房,99.8,-0.2,94.6,-5.4,https://www.stats.gov.cn/xxgk/sjfb/zxfb2020/202608/t20260817_1965050.html,2026-09-27T23:16:55+08:00
2026-07,杭州,二线,新房,100.3,0.3,102.6,2.6,https://www.stats.gov.cn/xxgk/sjfb/zxfb2020/202608/t20260817_1965050.html,2026-09-27T23:16:55+08:00
2026-07,桂林,三线,新房,99.5,-0.5,94.2,-5.8,https://www.stats.gov.cn/xxgk/sjfb/zxfb2020/202608/t20260817_1965050.html,2026-09-27T23:16:55+08:00
2026-07,武汉,二线,新房,100.1,0.1,97.9,-2.1,https://www.stats.gov.cn/xxgk/sjfb/zxfb2020/202608/t20260817_1965050.html,2026-09-27T23:16:55+08:00
2026-07,沈阳,二线,新房,100.0,0.0,100.3,0.3,https://www.stats.gov.cn/xxgk/sjfb/zxfb2020/202608/t20260817_1965050.html,2026-09-27T23:16:55+08:00
2026-07,泉州,三线,新房,99.6,-0.4,96.2,-3.8,https://www.stats.gov.cn/xxgk/sjfb/zxfb2020/202608/t20260817_1965050.html,2026-09-27T23:16:55+08:00
2026-07,泸州,三线,新房,99.2,-0.8,92.3,-7.7,https://www.stats.gov.cn/xxgk/sjfb/zxfb2020/202608/t20260817_1965050.html,2026-09-27T23:16:55+08:00
2026-07,洛阳,三线,新房,99.5,-0.5,93.9,-6.1,https://www.stats.gov.cn/xxgk/sjfb/zxfb2020/202608/t20260817_1965050.html,2026-09-27T23:16:55+08:00
2026-07,济南,二线,新房,99.7,-0.3,96.5,-3.5,https://www.stats.gov.cn/xxgk/sjfb/zxfb2020/202608/t20260817_1965050.html,2026-09-27T23:16:55+08:00
2026-07,济宁,三线,新房,100.1,0.1,95.8,-4.2,https://www.stats.gov.cn/xxgk/sjfb/zxfb2020/202608/t20260817_1965050.html,2026-09-27T23:16:55+08:00
2026-07,海口,二线,新房,99.4,-0.6,95.6,-4.4,https://www.stats.gov.cn/xxgk/sjfb/zxfb2020/202608/t20260817_1965050.html,2026-09-27T23:16:55+08:00
2026-07,深圳,一线,新房,100.2,0.2,97.1,-2.9,https://www.stats.gov.cn/xxgk/sjfb/zxfb2020/202608/t20260817_1965050.html,2026-09-27T23:16:55+08:00
2026-07,温州,三线,新房,99.9,-0.1,96.1,-3.9,https://www.stats.gov.cn/xxgk/sjfb/zxfb2020/202608/t20260817_1965050.html,2026-09-27T23:16:55+08:00
2026-07,湛江,三线,新房,99.5,-0.5,94.4,-5.6,https://www.stats.gov.cn/xxgk/sjfb/zxfb2020/202608/t20260817_1965050.html,2026-09-27T23:16:55+08:00
2026-07,烟台,三线,新房,100.1,0.1,97.4,-2.6,https://www.stats.gov.cn/xxgk/sjfb/zxfb2020/202608/t20260817_1965050.html,2026-09-27T23:16:55+08:00
2026-07,牡丹江,三线,新房,99.8,-0.2,98.1,-1.9,https://www.stats.gov.cn/xxgk/sjfb/zxfb2020/202608/t20260817_1965050.html,2026-09-27T23:16:55+08:00
2026-07,石家庄,二线,新房,99.8,-0.2,95.8,-4.2,https://www.stats.gov.cn/xxgk/sjfb/zxfb2020/202608/t20260817_1965050.html,2026-09-27T23:16:55+08:00
2026-07,福州,二线,新房,99.7,-0.3,94.8,-5.2,https://www.stats.gov.cn/xxgk/sjfb/zxfb2020/202608/t20260817_1965050.html,2026-09-27T23:16:55+08:00
2026-07,秦皇岛,三线,新房,99.6,-0.4,95.0,-5.0,https://www.stats.gov.cn/xxgk/sjfb/zxfb2020/202608/t20260817_1965050.html,2026-09-27T23:16:55+08:00
2026-07,蚌埠,三线,新房,99.7,-0.3,96.5,-3.5,https://www.stats.gov.cn/xxgk/sjfb/zxfb2020/202608/t20260817_1965050.html,2026-09-27T23:16:55+08:00
2026-07,襄阳,三线,新房,99.5,-0.5,94.9,-5.1,https://www.stats.gov.cn/xxgk/sjfb/zxfb2020/202608/t20260817_1965050.html,2026-09-27T23:16:55+08:00
2026-07,西宁,二线,新房,99.5,-0.5,95.5,-4.5,https://www.stats.gov.cn/xxgk/sjfb/zxfb2020/202608/t20260817_1965050.html,2026-09-27T23:16:55+08:00
2026-07,西安,二线,新房,99.5,-0.5,94.4,-5.6,https://www.stats.gov.cn/xxgk/sjfb/zxfb2020/202608/t20260817_1965050.html,2026-09-27T23:16:55+08:00
2026-07,贵阳,二线,新房,99.8,-0.2,96.6,-3.4,https://www.stats.gov.cn/xxgk/sjfb/zxfb2020/202608/t20260817_1965050.html,2026-09-27T23:16:55+08:00
2026-07,赣州,三线,新房,99.8,-0.2,95.5,-4.5,https://www.stats.gov.cn/xxgk/sjfb/zxfb2020/202608/t20260817_1965050.html,2026-09-27T23:16:55+08:00
2026-07,遵义,三线,新房,99.6,-0.4,95.7,-4.3,https://www.stats.gov.cn/xxgk/sjfb/zxfb2020/202608/t20260817_1965050.html,2026-09-27T23:16:55+08:00
2026-07,郑州,二线,新房,99.8,-0.2,95.1,-4.9,https://www.stats.gov.cn/xxgk/sjfb/zxfb2020/202608/t20260817_1965050.html,2026-09-27T23:16:55+08:00
2026-07,重庆,二线,新房,100.1,0.1,96.3,-3.7,https://www.stats.gov.cn/xxgk/sjfb/zxfb2020/202608/t20260817_1965050.html,2026-09-27T23:16:55+08:00
2026-07,金华,三线,新房,99.9,-0.1,95.7,-4.3,https://www.stats.gov.cn/xxgk/sjfb/zxfb2020/202608/t20260817_1965050.html,2026-09-27T23:16:55+08:00
2026-07,银川,二线,新房,100.0,0.0,98.4,-1.6,https://www.stats.gov.cn/xxgk/sjfb/zxfb2020/202608/t20260817_1965050.html,2026-09-27T23:16:55+08:00
2026-07,锦州,三线,新房,99.7,-0.3,97.2,-2.8,https://www.stats.gov.cn/xxgk/sjfb/zxfb2020/202608/t20260817_1965050.html,2026-09-27T23:16:55+08:00
2026-07,长春,二线,新房,100.2,0.2,99.2,-0.8,https://www.stats.gov.cn/xxgk/sjfb/zxfb2020/202608/t20260817_1965050.html,2026-09-27T23:16:55+08:00
2026-07,长沙,二线,新房,99.9,-0.1,95.7,-4.3,https://www.stats.gov.cn/xxgk/sjfb/zxfb2020/202608/t20260817_1965050.html,2026-09-27T23:16:55+08:00
2026-07,青岛,二线,新房,100.1,0.1,98.1,-1.9,https://www.stats.gov.cn/xxgk/sjfb/zxfb2020/202608/t20260817_1965050.html,2026-09-27T23:16:55+08:00
2026-07,韶关,三线,新房,99.6,-0.4,96.4,-3.6,https://www.stats.gov.cn/xxgk/sjfb/zxfb2020/202608/t20260817_1965050.html,2026-09-27T23:16:55+08:00
2026-08,三亚,三线,二手,99.7,-0.3,93.2,-6.8,https://www.stats.gov.cn/sj/zxfb/202609/t20260915_1965304.html,2026-09-29T08:44:24+00:00
2026-08,上海,一线,二手,100.3,0.3,99.2,-0.8,https://www.stats.gov.cn/sj/zxfb/202609/t20260915_1965304.html,2026-09-29T08:44:24+00:00
2026-08,丹东,三线,二手,99.6,-0.4,97.3,-2.7,https://www.stats.gov.cn/sj/zxfb/202609/t20260915_1965304.html,2026-09-29T08:44:24+00:00
2026-08,乌鲁木齐,二线,二手,99.9,-0.1,95.5,-4.5,https://www.stats.gov.cn/sj/zxfb/202609/t20260915_1965304.html,2026-09-29T08:44:24+00:00
2026-08,九江,三线,二手,99.8,-0.2,92.6,-7.4,https://www.stats.gov.cn/sj/zxfb/202609/t20260915_1965304.html,2026-09-29T08:44:24+00:00
2026-08,兰州,二线,二手,99.7,-0.3,95.7,-4.3,https://www.stats.gov.cn/sj/zxfb/202609/t20260915_1965304.html,2026-09-29T08:44:24+00:00
2026-08,包头,三线,二手,99.4,-0.6,92.8,-7.2,https://www.stats.gov.cn/sj/zxfb/202609/t20260915_1965304.html,2026-09-29T08:44:24+00:00
2026-08,北京,一线,二手,99.9,-0.1,96.5,-3.5,https://www.stats.gov.cn/sj/zxfb/202609/t20260915_1965304.html,2026-09-29T08:44:24+00:00
2026-08,北海,三线,二手,99.6,-0.4,93.4,-6.6,https://www.stats.gov.cn/sj/zxfb/202609/t20260915_1965304.html,2026-09-29T08:44:24+00:00
2026-08,南京,二线,二手,99.8,-0.2,95.2,-4.8,https://www.stats.gov.cn/sj/zxfb/202609/t20260915_1965304.html,2026-09-29T08:44:24+00:00
2026-08,南充,三线,二手,99.6,-0.4,94.5,-5.5,https://www.stats.gov.cn/sj/zxfb/202609/t20260915_1965304.html,2026-09-29T08:44:24+00:00
2026-08,南宁,二线,二手,99.8,-0.2,93.8,-6.2,https://www.stats.gov.cn/sj/zxfb/202609/t20260915_1965304.html,2026-09-29T08:44:24+00:00
2026-08,南昌,二线,二手,99.8,-0.2,94.2,-5.8,https://www.stats.gov.cn/sj/zxfb/202609/t20260915_1965304.html,2026-09-29T08:44:24+00:00
2026-08,厦门,二线,二手,99.4,-0.6,95.2,-4.8,https://www.stats.gov.cn/sj/zxfb/202609/t20260915_1965304.html,2026-09-29T08:44:24+00:00
2026-08,合肥,二线,二手,100.0,0.0,96.2,-3.8,https://www.stats.gov.cn/sj/zxfb/202609/t20260915_1965304.html,2026-09-29T08:44:24+00:00
2026-08,吉林,三线,二手,99.7,-0.3,96.1,-3.9,https://www.stats.gov.cn/sj/zxfb/202609/t20260915_1965304.html,2026-09-29T08:44:24+00:00
2026-08,呼和浩特,二线,二手,99.4,-0.6,94.1,-5.9,https://www.stats.gov.cn/sj/zxfb/202609/t20260915_1965304.html,2026-09-29T08:44:24+00:00
2026-08,哈尔滨,二线,二手,99.9,-0.1,95.8,-4.2,https://www.stats.gov.cn/sj/zxfb/202609/t20260915_1965304.html,2026-09-29T08:44:24+00:00
2026-08,唐山,三线,二手,99.4,-0.6,92.6,-7.4,https://www.stats.gov.cn/sj/zxfb/202609/t20260915_1965304.html,2026-09-29T08:44:24+00:00
2026-08,大理,三线,二手,99.6,-0.4,93.2,-6.8,https://www.stats.gov.cn/sj/zxfb/202609/t20260915_1965304.html,2026-09-29T08:44:24+00:00
2026-08,大连,二线,二手,100.0,0.0,97.1,-2.9,https://www.stats.gov.cn/sj/zxfb/202609/t20260915_1965304.html,2026-09-29T08:44:24+00:00
2026-08,天津,二线,二手,99.5,-0.5,94.4,-5.6,https://www.stats.gov.cn/sj/zxfb/202609/t20260915_1965304.html,2026-09-29T08:44:24+00:00
2026-08,太原,二线,二手,99.4,-0.6,94.5,-5.5,https://www.stats.gov.cn/sj/zxfb/202609/t20260915_1965304.html,2026-09-29T08:44:24+00:00
2026-08,宁波,二线,二手,100.0,0.0,97.3,-2.7,https://www.stats.gov.cn/sj/zxfb/202609/t20260915_1965304.html,2026-09-29T08:44:24+00:00
2026-08,安庆,三线,二手,99.7,-0.3,95.8,-4.2,https://www.stats.gov.cn/sj/zxfb/202609/t20260915_1965304.html,2026-09-29T08:44:24+00:00
2026-08,宜昌,三线,二手,99.8,-0.2,96.3,-3.7,https://www.stats.gov.cn/sj/zxfb/202609/t20260915_1965304.html,2026-09-29T08:44:24+00:00
2026-08,岳阳,三线,二手,99.5,-0.5,94.0,-6.0,https://www.stats.gov.cn/sj/zxfb/202609/t20260915_1965304.html,2026-09-29T08:44:24+00:00
2026-08,常德,三线,二手,99.5,-0.5,93.2,-6.8,https://www.stats.gov.cn/sj/zxfb/202609/t20260915_1965304.html,2026-09-29T08:44:24+00:00
2026-08,平顶山,三线,二手,99.7,-0.3,92.6,-7.4,https://www.stats.gov.cn/sj/zxfb/202609/t20260915_1965304.html,2026-09-29T08:44:24+00:00
2026-08,广州,一线,二手,100.0,0.0,96.2,-3.8,https://www.stats.gov.cn/sj/zxfb/202609/t20260915_1965304.html,2026-09-29T08:44:24+00:00
2026-08,徐州,三线,二手,99.8,-0.2,96.0,-4.0,https://www.stats.gov.cn/sj/zxfb/202609/t20260915_1965304.html,2026-09-29T08:44:24+00:00
2026-08,惠州,三线,二手,99.9,-0.1,94.8,-5.2,https://www.stats.gov.cn/sj/zxfb/202609/t20260915_1965304.html,2026-09-29T08:44:24+00:00
2026-08,成都,二线,二手,99.6,-0.4,94.2,-5.8,https://www.stats.gov.cn/sj/zxfb/202609/t20260915_1965304.html,2026-09-29T08:44:24+00:00
2026-08,扬州,三线,二手,100.2,0.2,92.9,-7.1,https://www.stats.gov.cn/sj/zxfb/202609/t20260915_1965304.html,2026-09-29T08:44:24+00:00
2026-08,无锡,三线,二手,99.9,-0.1,96.1,-3.9,https://www.stats.gov.cn/sj/zxfb/202609/t20260915_1965304.html,2026-09-29T08:44:24+00:00
2026-08,昆明,二线,二手,99.6,-0.4,93.1,-6.9,https://www.stats.gov.cn/sj/zxfb/202609/t20260915_1965304.html,2026-09-29T08:44:24+00:00
2026-08,杭州,二线,二手,99.8,-0.2,96.5,-3.5,https://www.stats.gov.cn/sj/zxfb/202609/t20260915_1965304.html,2026-09-29T08:44:24+00:00
2026-08,桂林,三线,二手,99.7,-0.3,93.5,-6.5,https://www.stats.gov.cn/sj/zxfb/202609/t20260915_1965304.html,2026-09-29T08:44:24+00:00
2026-08,武汉,二线,二手,99.8,-0.2,93.7,-6.3,https://www.stats.gov.cn/sj/zxfb/202609/t20260915_1965304.html,2026-09-29T08:44:24+00:00
2026-08,沈阳,二线,二手,100.0,0.0,99.1,-0.9,https://www.stats.gov.cn/sj/zxfb/202609/t20260915_1965304.html,2026-09-29T08:44:24+00:00
2026-08,泉州,三线,二手,99.5,-0.5,95.6,-4.4,https://www.stats.gov.cn/sj/zxfb/202609/t20260915_1965304.html,2026-09-29T08:44:24+00:00
2026-08,泸州,三线,二手,99.4,-0.6,91.0,-9.0,https://www.stats.gov.cn/sj/zxfb/202609/t20260915_1965304.html,2026-09-29T08:44:24+00:00
2026-08,洛阳,三线,二手,99.3,-0.7,93.8,-6.2,https://www.stats.gov.cn/sj/zxfb/202609/t20260915_1965304.html,2026-09-29T08:44:24+00:00
2026-08,济南,二线,二手,99.4,-0.6,94.8,-5.2,https://www.stats.gov.cn/sj/zxfb/202609/t20260915_1965304.html,2026-09-29T08:44:24+00:00
2026-08,济宁,三线,二手,99.6,-0.4,95.0,-5.0,https://www.stats.gov.cn/sj/zxfb/202609/t20260915_1965304.html,2026-09-29T08:44:24+00:00
2026-08,海口,二线,二手,99.0,-1.0,92.7,-7.3,https://www.stats.gov.cn/sj/zxfb/202609/t20260915_1965304.html,2026-09-29T08:44:24+00:00
2026-08,深圳,一线,二手,100.1,0.1,97.3,-2.7,https://www.stats.gov.cn/sj/zxfb/202609/t20260915_1965304.html,2026-09-29T08:44:24+00:00
2026-08,温州,三线,二手,99.8,-0.2,94.7,-5.3,https://www.stats.gov.cn/sj/zxfb/202609/t20260915_1965304.html,2026-09-29T08:44:24+00:00
2026-08,湛江,三线,二手,99.3,-0.7,93.6,-6.4,https://www.stats.gov.cn/sj/zxfb/202609/t20260915_1965304.html,2026-09-29T08:44:24+00:00
2026-08,烟台,三线,二手,99.8,-0.2,95.1,-4.9,https://www.stats.gov.cn/sj/zxfb/202609/t20260915_1965304.html,2026-09-29T08:44:24+00:00
2026-08,牡丹江,三线,二手,99.8,-0.2,97.2,-2.8,https://www.stats.gov.cn/sj/zxfb/202609/t20260915_1965304.html,2026-09-29T08:44:24+00:00
2026-08,石家庄,二线,二手,99.7,-0.3,95.1,-4.9,https://www.stats.gov.cn/sj/zxfb/202609/t20260915_1965304.html,2026-09-29T08:44:24+00:00
2026-08,福州,二线,二手,99.8,-0.2,95.2,-4.8,https://www.stats.gov.cn/sj/zxfb/202609/t20260915_1965304.html,2026-09-29T08:44:24+00:00
2026-08,秦皇岛,三线,二手,99.5,-0.5,92.9,-7.1,https://www.stats.gov.cn/sj/zxfb/202609/t20260915_1965304.html,2026-09-29T08:44:24+00:00
2026-08,蚌埠,三线,二手,99.6,-0.4,95.8,-4.2,https://www.stats.gov.cn/sj/zxfb/202609/t20260915_1965304.html,2026-09-29T08:44:24+00:00
2026-08,襄阳,三线,二手,99.6,-0.4,93.3,-6.7,https://www.stats.gov.cn/sj/zxfb/202609/t20260915_1965304.html,2026-09-29T08:44:24+00:00
2026-08,西宁,二线,二手,99.6,-0.4,97.1,-2.9,https://www.stats.gov.cn/sj/zxfb/202609/t20260915_1965304.html,2026-09-29T08:44:24+00:00
2026-08,西安,二线,二手,99.7,-0.3,94.0,-6.0,https://www.stats.gov.cn/sj/zxfb/202609/t20260915_1965304.html,2026-09-29T08:44:24+00:00
2026-08,贵阳,二线,二手,99.5,-0.5,94.8,-5.2,https://www.stats.gov.cn/sj/zxfb/202609/t20260915_1965304.html,2026-09-29T08:44:24+00:00
2026-08,赣州,三线,二手,99.4,-0.6,93.7,-6.3,https://www.stats.gov.cn/sj/zxfb/202609/t20260915_1965304.html,2026-09-29T08:44:24+00:00
2026-08,遵义,三线,二手,99.7,-0.3,94.5,-5.5,https://www.stats.gov.cn/sj/zxfb/202609/t20260915_1965304.html,2026-09-29T08:44:24+00:00
2026-08,郑州,二线,二手,99.7,-0.3,94.7,-5.3,https://www.stats.gov.cn/sj/zxfb/202609/t20260915_1965304.html,2026-09-29T08:44:24+00:00
2026-08,重庆,二线,二手,99.6,-0.4,95.9,-4.1,https://www.stats.gov.cn/sj/zxfb/202609/t20260915_1965304.html,2026-09-29T08:44:24+00:00
2026-08,金华,三线,二手,99.7,-0.3,94.7,-5.3,https://www.stats.gov.cn/sj/zxfb/202609/t20260915_1965304.html,2026-09-29T08:44:24+00:00
2026-08,银川,二线,二手,99.8,-0.2,94.4,-5.6,https://www.stats.gov.cn/sj/zxfb/202609/t20260915_1965304.html,2026-09-29T08:44:24+00:00
2026-08,锦州,三线,二手,99.7,-0.3,97.1,-2.9,https://www.stats.gov.cn/sj/zxfb/202609/t20260915_1965304.html,2026-09-29T08:44:24+00:00
2026-08,长春,二线,二手,99.6,-0.4,96.2,-3.8,https://www.stats.gov.cn/sj/zxfb/202609/t20260915_1965304.html,2026-09-29T08:44:24+00:00
2026-08,长沙,二线,二手,99.8,-0.2,94.0,-6.0,https://www.stats.gov.cn/sj/zxfb/202609/t20260915_1965304.html,2026-09-29T08:44:24+00:00
2026-08,青岛,二线,二手,99.8,-0.2,94.6,-5.4,https://www.stats.gov.cn/sj/zxfb/202609/t20260915_1965304.html,2026-09-29T08:44:24+00:00
2026-08,韶关,三线,二手,99.6,-0.4,94.0,-6.0,https://www.stats.gov.cn/sj/zxfb/202609/t20260915_1965304.html,2026-09-29T08:44:24+00:00
2026-08,三亚,三线,新房,100.0,0.0,98.3,-1.7,https://www.stats.gov.cn/sj/zxfb/202609/t20260915_1965304.html,2026-09-29T08:44:24+00:00
2026-08,上海,一线,新房,100.4,0.4,103.0,3.0,https://www.stats.gov.cn/sj/zxfb/202609/t20260915_1965304.html,2026-09-29T08:44:24+00:00
2026-08,丹东,三线,新房,99.7,-0.3,97.4,-2.6,https://www.stats.gov.cn/sj/zxfb/202609/t20260915_1965304.html,2026-09-29T08:44:24+00:00
2026-08,乌鲁木齐,二线,新房,100.1,0.1,98.9,-1.1,https://www.stats.gov.cn/sj/zxfb/202609/t20260915_1965304.html,2026-09-29T08:44:24+00:00
2026-08,九江,三线,新房,99.8,-0.2,94.5,-5.5,https://www.stats.gov.cn/sj/zxfb/202609/t20260915_1965304.html,2026-09-29T08:44:24+00:00
2026-08,兰州,二线,新房,99.8,-0.2,96.5,-3.5,https://www.stats.gov.cn/sj/zxfb/202609/t20260915_1965304.html,2026-09-29T08:44:24+00:00
2026-08,包头,三线,新房,99.5,-0.5,93.2,-6.8,https://www.stats.gov.cn/sj/zxfb/202609/t20260915_1965304.html,2026-09-29T08:44:24+00:00
2026-08,北京,一线,新房,99.8,-0.2,97.7,-2.3,https://www.stats.gov.cn/sj/zxfb/202609/t20260915_1965304.html,2026-09-29T08:44:24+00:00
2026-08,北海,三线,新房,99.4,-0.6,93.8,-6.2,https://www.stats.gov.cn/sj/zxfb/202609/t20260915_1965304.html,2026-09-29T08:44:24+00:00
2026-08,南京,二线,新房,99.9,-0.1,98.7,-1.3,https://www.stats.gov.cn/sj/zxfb/202609/t20260915_1965304.html,2026-09-29T08:44:24+00:00
2026-08,南充,三线,新房,99.7,-0.3,96.5,-3.5,https://www.stats.gov.cn/sj/zxfb/202609/t20260915_1965304.html,2026-09-29T08:44:24+00:00
2026-08,南宁,二线,新房,100.2,0.2,96.4,-3.6,https://www.stats.gov.cn/sj/zxfb/202609/t20260915_1965304.html,2026-09-29T08:44:24+00:00
2026-08,南昌,二线,新房,99.7,-0.3,96.0,-4.0,https://www.stats.gov.cn/sj/zxfb/202609/t20260915_1965304.html,2026-09-29T08:44:24+00:00
2026-08,厦门,二线,新房,100.1,0.1,98.6,-1.4,https://www.stats.gov.cn/sj/zxfb/202609/t20260915_1965304.html,2026-09-29T08:44:24+00:00
2026-08,合肥,二线,新房,100.1,0.1,100.1,0.1,https://www.stats.gov.cn/sj/zxfb/202609/t20260915_1965304.html,2026-09-29T08:44:24+00:00
2026-08,吉林,三线,新房,100.0,0.0,98.4,-1.6,https://www.stats.gov.cn/sj/zxfb/202609/t20260915_1965304.html,2026-09-29T08:44:24+00:00
2026-08,呼和浩特,二线,新房,99.7,-0.3,96.3,-3.7,https://www.stats.gov.cn/sj/zxfb/202609/t20260915_1965304.html,2026-09-29T08:44:24+00:00
2026-08,哈尔滨,二线,新房,99.8,-0.2,97.5,-2.5,https://www.stats.gov.cn/sj/zxfb/202609/t20260915_1965304.html,2026-09-29T08:44:24+00:00
2026-08,唐山,三线,新房,99.6,-0.4,94.1,-5.9,https://www.stats.gov.cn/sj/zxfb/202609/t20260915_1965304.html,2026-09-29T08:44:24+00:00
2026-08,大理,三线,新房,99.9,-0.1,97.6,-2.4,https://www.stats.gov.cn/sj/zxfb/202609/t20260915_1965304.html,2026-09-29T08:44:24+00:00
2026-08,大连,二线,新房,100.1,0.1,100.3,0.3,https://www.stats.gov.cn/sj/zxfb/202609/t20260915_1965304.html,2026-09-29T08:44:24+00:00
2026-08,天津,二线,新房,99.8,-0.2,95.9,-4.1,https://www.stats.gov.cn/sj/zxfb/202609/t20260915_1965304.html,2026-09-29T08:44:24+00:00
2026-08,太原,二线,新房,99.8,-0.2,98.2,-1.8,https://www.stats.gov.cn/sj/zxfb/202609/t20260915_1965304.html,2026-09-29T08:44:24+00:00
2026-08,宁波,二线,新房,100.1,0.1,99.2,-0.8,https://www.stats.gov.cn/sj/zxfb/202609/t20260915_1965304.html,2026-09-29T08:44:24+00:00
2026-08,安庆,三线,新房,99.5,-0.5,95.2,-4.8,https://www.stats.gov.cn/sj/zxfb/202609/t20260915_1965304.html,2026-09-29T08:44:24+00:00
2026-08,宜昌,三线,新房,99.9,-0.1,98.9,-1.1,https://www.stats.gov.cn/sj/zxfb/202609/t20260915_1965304.html,2026-09-29T08:44:24+00:00
2026-08,岳阳,三线,新房,99.7,-0.3,95.0,-5.0,https://www.stats.gov.cn/sj/zxfb/202609/t20260915_1965304.html,2026-09-29T08:44:24+00:00
2026-08,常德,三线,新房,99.6,-0.4,94.2,-5.8,https://www.stats.gov.cn/sj/zxfb/202609/t20260915_1965304.html,2026-09-29T08:44:24+00:00
2026-08,平顶山,三线,新房,99.6,-0.4,96.9,-3.1,https://www.stats.gov.cn/sj/zxfb/202609/t20260915_1965304.html,2026-09-29T08:44:24+00:00
2026-08,广州,一线,新房,100.1,0.1,98.1,-1.9,https://www.stats.gov.cn/sj/zxfb/202609/t20260915_1965304.html,2026-09-29T08:44:24+00:00
2026-08,徐州,三线,新房,100.3,0.3,96.8,-3.2,https://www.stats.gov.cn/sj/zxfb/202609/t20260915_1965304.html,2026-09-29T08:44:24+00:00
2026-08,惠州,三线,新房,100.2,0.2,96.2,-3.8,https://www.stats.gov.cn/sj/zxfb/202609/t20260915_1965304.html,2026-09-29T08:44:24+00:00
2026-08,成都,二线,新房,99.9,-0.1,95.0,-5.0,https://www.stats.gov.cn/sj/zxfb/202609/t20260915_1965304.html,2026-09-29T08:44:24+00:00
2026-08,扬州,三线,新房,99.6,-0.4,96.4,-3.6,https://www.stats.gov.cn/sj/zxfb/202609/t20260915_1965304.html,2026-09-29T08:44:24+00:00
2026-08,无锡,三线,新房,100.4,0.4,97.4,-2.6,https://www.stats.gov.cn/sj/zxfb/202609/t20260915_1965304.html,2026-09-29T08:44:24+00:00
2026-08,昆明,二线,新房,99.9,-0.1,94.8,-5.2,https://www.stats.gov.cn/sj/zxfb/202609/t20260915_1965304.html,2026-09-29T08:44:24+00:00
2026-08,杭州,二线,新房,100.2,0.2,102.2,2.2,https://www.stats.gov.cn/sj/zxfb/202609/t20260915_1965304.html,2026-09-29T08:44:24+00:00
2026-08,桂林,三线,新房,99.7,-0.3,94.2,-5.8,https://www.stats.gov.cn/sj/zxfb/202609/t20260915_1965304.html,2026-09-29T08:44:24+00:00
2026-08,武汉,二线,新房,99.9,-0.1,98.3,-1.7,https://www.stats.gov.cn/sj/zxfb/202609/t20260915_1965304.html,2026-09-29T08:44:24+00:00
2026-08,沈阳,二线,新房,100.2,0.2,100.3,0.3,https://www.stats.gov.cn/sj/zxfb/202609/t20260915_1965304.html,2026-09-29T08:44:24+00:00
2026-08,泉州,三线,新房,99.8,-0.2,96.3,-3.7,https://www.stats.gov.cn/sj/zxfb/202609/t20260915_1965304.html,2026-09-29T08:44:24+00:00
2026-08,泸州,三线,新房,99.4,-0.6,92.3,-7.7,https://www.stats.gov.cn/sj/zxfb/202609/t20260915_1965304.html,2026-09-29T08:44:24+00:00
2026-08,洛阳,三线,新房,99.4,-0.6,93.7,-6.3,https://www.stats.gov.cn/sj/zxfb/202609/t20260915_1965304.html,2026-09-29T08:44:24+00:00
2026-08,济南,二线,新房,99.8,-0.2,96.7,-3.3,https://www.stats.gov.cn/sj/zxfb/202609/t20260915_1965304.html,2026-09-29T08:44:24+00:00
2026-08,济宁,三线,新房,99.9,-0.1,96.3,-3.7,https://www.stats.gov.cn/sj/zxfb/202609/t20260915_1965304.html,2026-09-29T08:44:24+00:00
2026-08,海口,二线,新房,99.2,-0.8,94.9,-5.1,https://www.stats.gov.cn/sj/zxfb/202609/t20260915_1965304.html,2026-09-29T08:44:24+00:00
2026-08,深圳,一线,新房,100.2,0.2,97.7,-2.3,https://www.stats.gov.cn/sj/zxfb/202609/t20260915_1965304.html,2026-09-29T08:44:24+00:00
2026-08,温州,三线,新房,99.7,-0.3,96.2,-3.8,https://www.stats.gov.cn/sj/zxfb/202609/t20260915_1965304.html,2026-09-29T08:44:24+00:00
2026-08,湛江,三线,新房,99.8,-0.2,94.7,-5.3,https://www.stats.gov.cn/sj/zxfb/202609/t20260915_1965304.html,2026-09-29T08:44:24+00:00
2026-08,烟台,三线,新房,99.9,-0.1,97.6,-2.4,https://www.stats.gov.cn/sj/zxfb/202609/t20260915_1965304.html,2026-09-29T08:44:24+00:00
2026-08,牡丹江,三线,新房,99.7,-0.3,97.9,-2.1,https://www.stats.gov.cn/sj/zxfb/202609/t20260915_1965304.html,2026-09-29T08:44:24+00:00
2026-08,石家庄,二线,新房,99.4,-0.6,95.7,-4.3,https://www.stats.gov.cn/sj/zxfb/202609/t20260915_1965304.html,2026-09-29T08:44:24+00:00
2026-08,福州,二线,新房,100.0,0.0,94.7,-5.3,https://www.stats.gov.cn/sj/zxfb/202609/t20260915_1965304.html,2026-09-29T08:44:24+00:00
2026-08,秦皇岛,三线,新房,99.5,-0.5,94.9,-5.1,https://www.stats.gov.cn/sj/zxfb/202609/t20260915_1965304.html,2026-09-29T08:44:24+00:00
2026-08,蚌埠,三线,新房,99.8,-0.2,96.6,-3.4,https://www.stats.gov.cn/sj/zxfb/202609/t20260915_1965304.html,2026-09-29T08:44:24+00:00
2026-08,襄阳,三线,新房,99.7,-0.3,94.6,-5.4,https://www.stats.gov.cn/sj/zxfb/202609/t20260915_1965304.html,2026-09-29T08:44:24+00:00
2026-08,西宁,二线,新房,99.8,-0.2,95.2,-4.8,https://www.stats.gov.cn/sj/zxfb/202609/t20260915_1965304.html,2026-09-29T08:44:24+00:00
2026-08,西安,二线,新房,99.6,-0.4,94.6,-5.4,https://www.stats.gov.cn/sj/zxfb/202609/t20260915_1965304.html,2026-09-29T08:44:24+00:00
2026-08,贵阳,二线,新房,99.6,-0.4,96.7,-3.3,https://www.stats.gov.cn/sj/zxfb/202609/t20260915_1965304.html,2026-09-29T08:44:24+00:00
2026-08,赣州,三线,新房,99.7,-0.3,95.8,-4.2,https://www.stats.gov.cn/sj/zxfb/202609/t20260915_1965304.html,2026-09-29T08:44:24+00:00
2026-08,遵义,三线,新房,99.8,-0.2,96.0,-4.0,https://www.stats.gov.cn/sj/zxfb/202609/t20260915_1965304.html,2026-09-29T08:44:24+00:00
2026-08,郑州,二线,新房,99.6,-0.4,95.1,-4.9,https://www.stats.gov.cn/sj/zxfb/202609/t20260915_1965304.html,2026-09-29T08:44:24+00:00
2026-08,重庆,二线,新房,100.0,0.0,96.9,-3.1,https://www.stats.gov.cn/sj/zxfb/202609/t20260915_1965304.html,2026-09-29T08:44:24+00:00
2026-08,金华,三线,新房,99.8,-0.2,95.7,-4.3,https://www.stats.gov.cn/sj/zxfb/202609/t20260915_1965304.html,2026-09-29T08:44:24+00:00
2026-08,银川,二线,新房,100.1,0.1,98.7,-1.3,https://www.stats.gov.cn/sj/zxfb/202609/t20260915_1965304.html,2026-09-29T08:44:24+00:00
2026-08,锦州,三线,新房,99.9,-0.1,97.3,-2.7,https://www.stats.gov.cn/sj/zxfb/202609/t20260915_1965304.html,2026-09-29T08:44:24+00:00
2026-08,长春,二线,新房,99.6,-0.4,99.1,-0.9,https://www.stats.gov.cn/sj/zxfb/202609/t20260915_1965304.html,2026-09-29T08:44:24+00:00
2026-08,长沙,二线,新房,100.0,0.0,95.9,-4.1,https://www.stats.gov.cn/sj/zxfb/202609/t20260915_1965304.html,2026-09-29T08:44:24+00:00
2026-08,青岛,二线,新房,100.0,0.0,98.4,-1.6,https://www.stats.gov.cn/sj/zxfb/202609/t20260915_1965304.html,2026-09-29T08:44:24+00:00
2026-08,韶关,三线,新房,99.7,-0.3,96.4,-3.6,https://www.stats.gov.cn/sj/zxfb/202609/t20260915_1965304.html,2026-09-29T08:44:24+00:00
